province;red;green;blue;x;x
1;223;25;112;x;x
2;30;40;106;x;x
3;6;234;221;x;x
4;97;241;226;x;x
5;167;95;52;x;x
6;196;176;248;x;x
7;24;130;244;x;x
8;230;172;58;x;x
9;17;199;218;x;x
10;225;36;109;x;x
11;49;248;170;x;x
12;15;0;214;x;x
13;202;0;233;x;x
14;84;158;27;x;x
15;159;75;189;x;x
16;160;137;114;x;x
17;92;227;195;x;x
18;140;63;248;x;x
19;37;182;174;x;x
20;6;65;165;x;x
21;2;149;110;x;x
22;60;43;134;x;x
23;77;56;26;x;x
24;140;127;60;x;x
25;244;177;201;x;x
26;225;90;104;x;x
27;109;70;122;x;x
28;90;95;95;x;x
29;74;109;15;x;x
30;50;83;58;x;x
31;151;238;24;x;x
32;146;141;122;x;x
33;250;50;219;x;x
34;207;129;172;x;x
35;189;218;47;x;x
36;185;254;29;x;x
37;208;31;146;x;x
38;176;31;47;x;x
39;39;69;181;x;x
40;169;47;217;x;x
41;147;253;229;x;x
42;47;142;76;x;x
43;120;12;148;x;x
44;197;72;8;x;x
45;218;90;38;x;x
46;198;48;186;x;x
47;87;98;251;x;x
48;221;226;253;x;x
49;233;238;162;x;x
50;32;174;184;x;x
51;224;45;160;x;x
52;36;9;105;x;x
53;233;69;88;x;x
54;208;94;51;x;x
55;153;238;144;x;x
56;3;88;213;x;x
57;181;233;138;x;x
58;1;254;66;x;x
59;155;90;193;x;x
60;178;94;2;x;x
61;141;195;152;x;x
62;173;98;31;x;x
63;61;52;15;x;x
64;125;24;27;x;x
65;81;136;47;x;x
66;66;139;20;x;x
67;62;4;168;x;x
68;249;150;231;x;x
69;53;35;129;x;x
70;204;154;251;x;x
71;53;186;19;x;x
72;165;237;149;x;x
73;177;229;217;x;x
74;120;23;114;x;x
75;249;157;26;x;x
76;156;100;194;x;x
77;23;105;233;x;x
78;126;107;1;x;x
79;151;65;203;x;x
80;195;251;223;x;x
81;48;139;140;x;x
82;252;5;132;x;x
83;80;253;24;x;x
84;196;68;78;x;x
85;40;92;99;x;x
86;85;134;48;x;x
87;112;159;251;x;x
88;175;22;63;x;x
89;147;142;161;x;x
90;209;205;138;x;x
91;252;117;70;x;x
92;237;231;12;x;x
93;92;217;195;x;x
94;232;21;95;x;x
95;10;50;192;x;x
96;60;189;150;x;x
97;29;239;194;x;x
98;212;158;129;x;x
99;190;55;155;x;x
100;227;22;84;x;x
101;18;92;169;x;x
102;166;24;199;x;x
103;88;248;106;x;x
104;255;34;71;x;x
105;150;59;43;x;x
106;228;172;246;x;x
107;171;82;72;x;x
108;228;234;164;x;x
109;82;183;29;x;x
110;0;225;140;x;x
111;75;219;218;x;x
112;158;190;104;x;x
113;72;128;222;x;x
114;163;119;41;x;x
115;25;195;248;x;x
116;228;122;238;x;x
117;215;139;77;x;x
118;179;111;46;x;x
119;206;65;162;x;x
120;143;43;122;x;x
121;214;190;30;x;x
122;3;255;144;x;x
123;128;62;46;x;x
124;153;202;130;x;x
125;202;90;245;x;x
126;33;193;116;x;x
127;23;154;93;x;x
128;197;173;39;x;x
129;19;54;148;x;x
130;43;129;242;x;x
131;184;59;249;x;x
132;186;139;166;x;x
133;147;179;27;x;x
134;157;115;196;x;x
135;155;27;186;x;x
136;116;109;134;x;x
137;164;113;38;x;x
138;182;147;34;x;x
139;167;1;184;x;x
140;59;174;32;x;x
141;223;152;223;x;x
142;69;90;148;x;x
143;108;65;253;x;x
144;59;100;51;x;x
145;1;27;60;x;x
146;178;60;1;x;x
147;239;249;238;x;x
148;180;17;169;x;x
149;70;104;247;x;x
150;180;58;218;x;x
151;56;151;58;x;x
152;150;76;42;x;x
153;112;197;81;x;x
154;113;61;163;x;x
155;234;123;60;x;x
156;222;226;35;x;x
157;241;19;217;x;x
158;243;168;8;x;x
159;183;11;195;x;x
160;61;24;189;x;x
161;196;87;81;x;x
162;93;11;156;x;x
163;112;243;128;x;x
164;216;116;107;x;x
165;107;200;126;x;x
166;161;237;227;x;x
167;240;234;116;x;x
168;80;240;127;x;x
169;153;246;18;x;x
170;120;30;133;x;x
171;114;69;122;x;x
172;112;214;234;x;x
173;160;171;101;x;x
174;60;154;108;x;x
175;13;24;213;x;x
176;123;5;227;x;x
177;181;189;251;x;x
178;233;68;141;x;x
179;8;34;34;x;x
180;23;114;17;x;x
181;200;12;183;x;x
182;96;73;21;x;x
183;220;73;56;x;x
184;61;21;100;x;x
185;119;189;197;x;x
186;174;68;42;x;x
187;84;42;6;x;x
188;34;82;229;x;x
189;192;150;253;x;x
190;225;195;71;x;x
191;207;193;85;x;x
192;133;136;249;x;x
193;89;211;47;x;x
194;95;252;207;x;x
195;93;1;18;x;x
196;213;242;11;x;x
197;22;211;112;x;x
198;64;39;208;x;x
199;7;105;115;x;x
200;45;216;89;x;x
201;221;71;222;x;x
202;140;200;221;x;x
203;190;55;218;x;x
204;164;14;123;x;x
205;152;3;161;x;x
206;10;199;146;x;x
207;29;246;135;x;x
208;78;41;24;x;x
209;201;136;167;x;x
210;155;139;25;x;x
211;136;129;75;x;x
212;79;186;215;x;x
213;217;129;16;x;x
214;88;11;35;x;x
215;224;195;77;x;x
216;181;138;170;x;x
217;120;231;106;x;x
218;121;148;65;x;x
219;196;111;51;x;x
220;195;141;84;x;x
221;156;243;170;x;x
222;126;170;247;x;x
223;226;132;18;x;x
224;41;73;39;x;x
225;36;156;154;x;x
226;10;171;9;x;x
227;208;101;133;x;x
228;182;179;127;x;x
229;150;141;126;x;x
230;246;182;198;x;x
231;243;76;117;x;x
232;44;55;179;x;x
233;242;173;3;x;x
234;177;250;169;x;x
235;122;228;227;x;x
236;116;5;19;x;x
237;182;190;95;x;x
238;243;200;214;x;x
239;72;219;156;x;x
240;192;194;7;x;x
241;95;5;130;x;x
242;226;75;26;x;x
243;205;73;33;x;x
244;216;40;217;x;x
245;168;66;145;x;x
246;234;159;76;x;x
247;71;156;101;x;x
248;0;170;110;x;x
249;104;17;7;x;x
250;33;131;117;x;x
251;25;51;39;x;x
252;94;67;125;x;x
253;83;73;20;x;x
254;253;195;56;x;x
255;178;178;242;x;x
256;68;157;40;x;x
257;238;28;205;x;x
258;123;176;100;x;x
259;60;68;191;x;x
260;99;78;234;x;x
261;186;32;147;x;x
262;4;172;28;x;x
263;152;84;218;x;x
264;122;192;115;x;x
265;0;87;250;x;x
266;205;51;206;x;x
267;18;0;140;x;x
268;225;17;176;x;x
269;16;160;74;x;x
270;57;33;168;x;x
271;158;116;169;x;x
272;84;180;27;x;x
273;195;14;182;x;x
274;226;34;96;x;x
275;213;29;157;x;x
276;90;204;109;x;x
277;129;121;212;x;x
278;190;239;118;x;x
279;128;153;190;x;x
280;98;146;78;x;x
281;10;208;10;x;x
282;238;5;242;x;x
283;188;41;125;x;x
284;12;49;212;x;x
285;18;79;129;x;x
286;248;176;201;x;x
287;81;110;110;x;x
288;23;59;30;x;x
289;97;157;54;x;x
290;217;236;58;x;x
291;241;90;138;x;x
292;124;228;94;x;x
293;174;53;236;x;x
294;151;40;149;x;x
295;83;150;214;x;x
296;64;39;63;x;x
297;72;50;60;x;x
298;146;179;251;x;x
299;195;207;25;x;x
300;240;243;110;x;x
301;239;255;163;x;x
302;148;248;198;x;x
303;248;230;189;x;x
304;38;243;34;x;x
305;197;61;63;x;x
306;88;84;210;x;x
307;190;101;142;x;x
308;58;117;8;x;x
309;190;105;205;x;x
310;46;81;19;x;x
311;145;115;183;x;x
312;156;232;210;x;x
313;120;67;173;x;x
314;153;27;9;x;x
315;249;94;29;x;x
316;238;252;110;x;x
317;129;143;14;x;x
318;197;33;125;x;x
319;179;100;58;x;x
320;42;241;82;x;x
321;251;160;59;x;x
322;10;239;185;x;x
323;243;227;83;x;x
324;220;244;60;x;x
325;9;103;39;x;x
326;44;15;123;x;x
327;130;159;255;x;x
328;162;164;2;x;x
329;237;143;56;x;x
330;232;56;0;x;x
331;116;254;45;x;x
332;190;4;157;x;x
333;82;159;252;x;x
334;39;35;42;x;x
335;111;103;245;x;x
336;102;143;157;x;x
337;233;109;162;x;x
338;146;41;135;x;x
339;17;142;64;x;x
340;111;68;130;x;x
341;50;168;168;x;x
342;76;163;20;x;x
343;82;47;247;x;x
344;17;152;248;x;x
345;229;161;106;x;x
346;78;160;117;x;x
347;109;229;164;x;x
348;234;56;140;x;x
349;87;203;227;x;x
350;114;154;81;x;x
351;154;213;149;x;x
352;233;253;144;x;x
353;254;72;191;x;x
354;129;112;174;x;x
355;46;10;162;x;x
356;88;115;5;x;x
357;132;18;85;x;x
358;82;226;202;x;x
359;191;116;244;x;x
360;213;184;151;x;x
361;9;194;79;x;x
362;224;169;122;x;x
363;98;66;49;x;x
364;66;60;249;x;x
365;218;230;217;x;x
366;56;94;109;x;x
367;53;209;241;x;x
368;158;21;16;x;x
369;89;108;131;x;x
370;153;178;98;x;x
371;253;177;29;x;x
372;241;164;164;x;x
373;150;183;1;x;x
374;249;34;233;x;x
375;98;13;108;x;x
376;28;148;8;x;x
377;230;63;6;x;x
378;105;149;201;x;x
379;20;98;13;x;x
380;9;98;68;x;x
381;103;128;148;x;x
382;94;41;96;x;x
383;132;201;149;x;x
384;182;215;139;x;x
385;7;155;232;x;x
386;194;191;156;x;x
387;62;178;137;x;x
388;200;230;4;x;x
389;234;19;6;x;x
390;50;113;151;x;x
391;114;123;203;x;x
392;58;171;158;x;x
393;43;197;21;x;x
394;110;121;95;x;x
395;126;89;100;x;x
396;187;244;86;x;x
397;29;155;48;x;x
398;18;94;21;x;x
399;72;96;192;x;x
400;214;124;238;x;x
401;6;61;163;x;x
402;52;115;61;x;x
403;24;143;97;x;x
404;156;137;223;x;x
405;93;244;9;x;x
406;20;175;53;x;x
407;13;27;146;x;x
408;23;26;96;x;x
409;240;25;130;x;x
410;100;95;165;x;x
411;53;109;224;x;x
412;23;1;119;x;x
413;174;174;80;x;x
414;96;165;78;x;x
415;163;233;159;x;x
416;148;213;223;x;x
417;61;164;52;x;x
418;224;213;114;x;x
419;43;79;17;x;x
420;134;102;230;x;x
421;59;246;98;x;x
422;165;74;140;x;x
423;226;60;183;x;x
424;121;100;68;x;x
425;30;51;203;x;x
426;66;194;226;x;x
427;48;228;241;x;x
428;104;98;168;x;x
429;202;50;207;x;x
430;41;218;128;x;x
431;87;239;84;x;x
432;251;254;233;x;x
433;53;30;200;x;x
434;190;10;45;x;x
435;184;173;249;x;x
436;188;245;63;x;x
437;45;162;13;x;x
438;224;125;213;x;x
439;30;187;220;x;x
440;214;151;87;x;x
441;195;94;109;x;x
442;211;169;31;x;x
443;153;126;218;x;x
444;225;250;164;x;x
445;123;254;173;x;x
446;106;191;136;x;x
447;175;71;177;x;x
448;185;87;112;x;x
449;243;164;187;x;x
450;247;70;5;x;x
451;227;133;213;x;x
452;119;41;49;x;x
453;19;142;139;x;x
454;11;68;213;x;x
455;18;68;189;x;x
456;154;4;232;x;x
457;148;223;162;x;x
458;222;86;255;x;x
459;190;246;158;x;x
460;80;13;88;x;x
461;126;44;90;x;x
462;9;55;43;x;x
463;206;227;166;x;x
464;32;198;52;x;x
465;135;76;73;x;x
466;78;167;100;x;x
467;231;25;21;x;x
468;126;81;160;x;x
469;94;224;206;x;x
470;233;216;81;x;x
471;77;83;241;x;x
472;149;250;112;x;x
473;100;64;194;x;x
474;235;99;244;x;x
475;185;26;126;x;x
476;187;215;99;x;x
477;251;188;160;x;x
478;169;38;204;x;x
479;82;39;155;x;x
480;97;97;149;x;x
481;130;165;44;x;x
482;99;21;177;x;x
483;28;195;242;x;x
484;244;226;122;x;x
485;47;190;3;x;x
486;185;159;36;x;x
487;50;91;179;x;x
488;239;193;124;x;x
489;137;84;158;x;x
490;155;249;180;x;x
491;222;207;54;x;x
492;149;108;12;x;x
493;178;204;32;x;x
494;92;186;95;x;x
495;70;248;137;x;x
496;42;166;50;x;x
497;5;113;201;x;x
498;121;243;72;x;x
499;204;233;13;x;x
500;146;24;251;x;x
501;219;175;7;x;x
502;101;72;194;x;x
503;73;242;251;x;x
504;205;7;139;x;x
505;124;148;5;x;x
506;159;224;145;x;x
507;134;240;35;x;x
508;31;164;36;x;x
509;110;231;247;x;x
510;69;157;13;x;x
511;226;153;7;x;x
512;10;218;137;x;x
513;48;76;69;x;x
514;31;24;140;x;x
515;166;189;157;x;x
516;3;102;58;x;x
517;77;18;171;x;x
518;2;206;48;x;x
519;98;141;100;x;x
520;202;104;110;x;x
521;14;23;26;x;x
522;130;1;247;x;x
523;39;102;167;x;x
524;105;37;95;x;x
525;189;162;96;x;x
526;129;178;204;x;x
527;18;183;35;x;x
528;230;97;225;x;x
529;28;76;127;x;x
530;126;111;212;x;x
531;251;207;70;x;x
532;21;249;71;x;x
533;191;13;221;x;x
534;248;132;50;x;x
535;110;25;218;x;x
536;24;231;62;x;x
537;53;125;191;x;x
538;42;239;69;x;x
539;156;224;0;x;x
540;5;63;232;x;x
541;74;193;187;x;x
542;175;100;29;x;x
543;85;244;95;x;x
544;149;158;151;x;x
545;12;219;10;x;x
546;142;139;159;x;x
547;135;169;186;x;x
548;23;240;195;x;x
549;88;38;41;x;x
550;197;69;244;x;x
551;244;253;248;x;x
552;202;211;162;x;x
553;57;117;28;x;x
554;22;19;62;x;x
555;122;56;172;x;x
556;36;61;51;x;x
557;69;29;77;x;x
558;185;47;237;x;x
559;203;25;254;x;x
560;218;144;253;x;x
561;68;155;163;x;x
562;82;51;82;x;x
563;206;189;249;x;x
564;67;193;199;x;x
565;234;102;123;x;x
566;152;249;133;x;x
567;102;141;151;x;x
568;107;103;75;x;x
569;220;166;233;x;x
570;42;96;54;x;x
571;169;244;255;x;x
572;56;182;121;x;x
573;136;208;153;x;x
574;74;16;200;x;x
575;208;251;169;x;x
576;165;66;27;x;x
577;217;88;9;x;x
578;210;150;19;x;x
579;19;147;237;x;x
580;16;169;143;x;x
581;162;195;247;x;x
582;244;64;15;x;x
583;23;45;61;x;x
584;167;109;134;x;x
585;151;205;144;x;x
586;127;236;104;x;x
587;214;93;29;x;x
588;43;107;160;x;x
589;237;161;104;x;x
590;9;36;183;x;x
591;89;253;63;x;x
592;19;128;143;x;x
593;42;212;52;x;x
594;189;12;211;x;x
595;56;159;99;x;x
596;54;4;46;x;x
597;140;144;77;x;x
598;69;247;166;x;x
599;78;183;219;x;x
600;38;248;234;x;x
601;146;23;192;x;x
602;248;204;188;x;x
603;157;78;41;x;x
604;89;176;232;x;x
605;213;161;29;x;x
606;244;212;69;x;x
607;141;130;228;x;x
608;98;100;41;x;x
609;188;117;110;x;x
610;54;91;28;x;x
611;31;121;105;x;x
612;110;74;43;x;x
613;95;238;90;x;x
614;186;125;121;x;x
615;208;19;245;x;x
616;0;36;92;x;x
617;70;14;223;x;x
618;197;239;172;x;x
619;77;9;81;x;x
620;233;203;175;x;x
621;179;104;13;x;x
622;242;50;144;x;x
623;36;32;143;x;x
624;149;253;226;x;x
625;212;229;4;x;x
626;126;53;81;x;x
627;79;29;100;x;x
628;224;100;201;x;x
629;32;198;255;x;x
630;186;235;108;x;x
631;222;102;206;x;x
632;10;4;157;x;x
633;179;186;40;x;x
634;22;198;65;x;x
635;114;171;118;x;x
636;114;165;126;x;x
637;85;76;237;x;x
638;94;88;58;x;x
639;95;88;98;x;x
640;51;161;148;x;x
641;237;154;84;x;x
642;181;118;191;x;x
643;58;68;87;x;x
644;115;95;92;x;x
645;203;217;189;x;x
646;170;34;55;x;x
647;71;155;146;x;x
648;2;30;29;x;x
649;173;50;32;x;x
650;239;33;185;x;x
651;76;61;67;x;x
652;113;123;44;x;x
653;217;93;234;x;x
654;92;212;51;x;x
655;250;96;121;x;x
656;248;140;131;x;x
657;55;57;158;x;x
658;183;158;207;x;x
659;87;252;233;x;x
660;26;227;182;x;x
661;121;65;74;x;x
662;21;144;129;x;x
663;111;112;137;x;x
664;155;231;201;x;x
665;225;85;233;x;x
666;249;182;19;x;x
667;191;73;93;x;x
668;243;233;201;x;x
669;187;140;165;x;x
670;117;5;152;x;x
671;63;235;127;x;x
672;211;246;121;x;x
673;219;79;112;x;x
674;10;3;250;x;x
675;227;152;220;x;x
676;13;8;236;x;x
677;125;29;145;x;x
678;160;137;23;x;x
679;177;254;52;x;x
680;115;82;61;x;x
681;239;136;151;x;x
682;237;145;149;x;x
683;128;117;208;x;x
684;190;88;251;x;x
685;175;175;99;x;x
686;132;67;189;x;x
687;97;184;58;x;x
688;137;228;66;x;x
689;153;170;35;x;x
690;253;57;218;x;x
691;221;174;231;x;x
692;216;80;144;x;x
693;56;141;128;x;x
694;21;95;169;x;x
695;37;123;127;x;x
696;178;181;1;x;x
697;185;15;86;x;x
698;30;141;3;x;x
699;25;106;71;x;x
700;132;220;39;x;x
701;39;23;161;x;x
702;238;171;225;x;x
703;200;237;83;x;x
704;35;217;234;x;x
705;221;138;139;x;x
706;222;97;176;x;x
707;93;97;99;x;x
708;17;136;226;x;x
709;31;27;33;x;x
710;124;212;217;x;x
711;2;1;5;x;x
712;156;31;151;x;x
713;236;59;143;x;x
714;215;202;164;x;x
715;1;102;114;x;x
716;152;230;144;x;x
717;235;241;97;x;x
718;15;42;9;x;x
719;225;40;11;x;x
720;254;134;111;x;x
721;46;194;33;x;x
722;85;150;110;x;x
723;147;195;16;x;x
724;167;58;80;x;x
725;200;141;138;x;x
726;172;164;47;x;x
727;177;253;218;x;x
728;246;68;234;x;x
729;230;199;99;x;x
730;250;183;31;x;x
731;184;197;143;x;x
732;127;66;13;x;x
733;24;94;195;x;x
734;4;123;182;x;x
735;119;52;251;x;x
736;223;29;121;x;x
737;81;97;149;x;x
738;144;220;37;x;x
739;77;239;69;x;x
740;56;218;138;x;x
741;82;131;230;x;x
742;238;124;116;x;x
743;96;74;164;x;x
744;158;121;236;x;x
745;100;52;179;x;x
746;194;56;84;x;x
747;63;166;234;x;x
748;28;202;229;x;x
749;107;200;31;x;x
750;241;146;232;x;x
751;146;210;74;x;x
752;13;228;136;x;x
753;60;124;144;x;x
754;5;25;222;x;x
755;121;251;158;x;x
756;1;138;136;x;x
757;53;214;35;x;x
758;37;244;64;x;x
759;18;48;229;x;x
760;129;191;123;x;x
761;114;38;40;x;x
762;39;104;223;x;x
763;2;18;8;x;x
764;176;154;242;x;x
765;80;131;247;x;x
766;22;148;74;x;x
767;201;240;112;x;x
768;171;45;12;x;x
769;168;62;222;x;x
770;244;163;136;x;x
771;225;48;88;x;x
772;225;53;17;x;x
773;255;231;128;x;x
774;103;199;53;x;x
775;24;179;115;x;x
776;223;11;33;x;x
777;83;179;152;x;x
778;90;53;59;x;x
779;122;89;200;x;x
780;239;109;124;x;x
781;96;85;97;x;x
782;93;2;237;x;x
783;60;96;156;x;x
784;58;215;162;x;x
785;212;37;249;x;x
786;69;149;154;x;x
787;120;243;87;x;x
788;86;57;119;x;x
789;213;193;38;x;x
790;94;173;63;x;x
791;217;233;216;x;x
792;199;89;24;x;x
793;6;80;34;x;x
794;9;147;40;x;x
795;4;219;184;x;x
796;237;222;205;x;x
797;68;200;185;x;x
798;130;48;195;x;x
799;135;143;234;x;x
800;77;24;122;x;x
801;58;188;73;x;x
802;169;4;83;x;x
803;193;67;79;x;x
804;238;12;144;x;x
805;6;117;62;x;x
806;227;154;186;x;x
807;124;32;132;x;x
808;117;230;134;x;x
809;202;114;93;x;x
810;168;178;218;x;x
811;141;158;255;x;x
812;239;65;30;x;x
813;87;71;13;x;x
814;59;66;14;x;x
815;253;218;225;x;x
816;225;85;26;x;x
817;13;139;159;x;x
818;164;186;47;x;x
819;100;25;203;x;x
820;63;192;12;x;x
821;42;254;225;x;x
822;98;223;86;x;x
823;231;157;225;x;x
824;13;84;117;x;x
825;212;14;152;x;x
826;86;75;15;x;x
827;251;96;29;x;x
828;95;249;162;x;x
829;24;120;193;x;x
830;228;0;230;x;x
831;132;13;187;x;x
832;228;141;190;x;x
833;44;179;73;x;x
834;74;109;229;x;x
835;196;94;175;x;x
836;56;127;204;x;x
837;253;0;210;x;x
838;105;169;72;x;x
839;161;55;216;x;x
840;75;41;121;x;x
841;210;78;197;x;x
842;18;242;29;x;x
843;122;180;241;x;x
844;120;54;124;x;x
845;98;60;56;x;x
846;3;75;252;x;x
847;153;207;69;x;x
848;179;23;79;x;x
849;185;214;37;x;x
850;245;182;33;x;x
851;148;28;181;x;x
852;24;27;129;x;x
853;205;147;27;x;x
854;163;170;217;x;x
855;132;106;115;x;x
856;19;227;15;x;x
857;70;61;220;x;x
858;82;60;32;x;x
859;179;210;165;x;x
860;112;149;93;x;x
861;87;77;34;x;x
862;121;88;73;x;x
863;150;5;115;x;x
864;182;45;123;x;x
865;217;237;27;x;x
866;138;84;15;x;x
867;216;81;100;x;x
868;159;179;188;x;x
869;247;238;246;x;x
870;113;179;98;x;x
871;116;79;38;x;x
872;102;150;196;x;x
873;87;247;86;x;x
874;193;146;173;x;x
875;149;235;147;x;x
876;97;97;248;x;x
877;75;116;190;x;x
878;200;34;155;x;x
879;180;60;149;x;x
880;123;205;73;x;x
881;251;0;153;x;x
882;33;222;165;x;x
883;67;73;170;x;x
884;161;247;219;x;x
885;254;128;58;x;x
886;238;67;231;x;x
887;221;157;80;x;x
888;38;191;221;x;x
889;208;12;209;x;x
890;182;158;183;x;x
891;251;118;156;x;x
892;191;219;105;x;x
893;161;251;155;x;x
894;219;149;212;x;x
895;228;104;8;x;x
896;100;74;92;x;x
897;50;94;26;x;x
898;126;156;180;x;x
899;186;83;109;x;x
900;117;151;128;x;x
901;22;87;99;x;x
902;188;228;250;x;x
903;219;26;197;x;x
904;252;139;110;x;x
905;53;134;30;x;x
906;236;92;139;x;x
907;47;28;89;x;x
908;152;32;201;x;x
909;137;144;50;x;x
910;2;229;190;x;x
911;112;231;252;x;x
912;94;126;39;x;x
913;203;121;172;x;x
914;88;127;141;x;x
915;44;139;25;x;x
916;68;196;82;x;x
917;37;106;125;x;x
918;159;84;245;x;x
919;172;170;53;x;x
920;135;96;249;x;x
921;36;158;134;x;x
922;40;141;85;x;x
923;247;135;227;x;x
924;252;110;126;x;x
925;215;1;38;x;x
926;71;55;70;x;x
927;48;38;200;x;x
928;27;42;179;x;x
929;102;207;13;x;x
930;4;157;218;x;x
931;235;26;198;x;x
932;221;1;255;x;x
933;3;55;104;x;x
934;7;61;239;x;x
935;127;210;34;x;x
936;215;130;15;x;x
937;84;151;50;x;x
938;73;142;235;x;x
939;84;208;224;x;x
940;250;174;202;x;x
941;150;154;40;x;x
942;193;6;39;x;x
943;69;104;43;x;x
944;49;40;207;x;x
945;31;78;239;x;x
946;218;64;49;x;x
947;13;132;43;x;x
948;158;31;62;x;x
949;210;130;45;x;x
950;238;79;126;x;x
951;138;109;176;x;x
952;166;225;116;x;x
953;88;28;207;x;x
954;37;120;116;x;x
955;142;78;159;x;x
956;66;237;242;x;x
957;166;47;70;x;x
958;164;66;155;x;x
959;49;112;86;x;x
960;180;106;236;x;x
961;187;177;64;x;x
962;41;14;38;x;x
963;108;158;65;x;x
964;117;236;233;x;x
965;197;240;51;x;x
966;37;195;96;x;x
967;241;57;167;x;x
968;139;232;184;x;x
969;101;185;72;x;x
970;27;202;240;x;x
971;104;217;105;x;x
972;87;161;173;x;x
973;140;6;225;x;x
974;251;211;198;x;x
975;155;173;71;x;x
976;61;20;110;x;x
977;188;226;49;x;x
978;215;106;108;x;x
979;245;75;11;x;x
980;41;155;212;x;x
981;197;140;132;x;x
982;161;240;224;x;x
983;81;211;70;x;x
984;60;239;135;x;x
985;246;103;34;x;x
986;228;158;6;x;x
987;58;199;51;x;x
988;45;1;101;x;x
989;135;42;102;x;x
990;113;26;83;x;x
991;190;106;52;x;x
992;91;94;240;x;x
993;221;90;75;x;x
994;84;96;94;x;x
995;71;107;233;x;x
996;44;163;96;x;x
997;138;2;85;x;x
998;180;194;119;x;x
999;106;223;234;x;x
1000;218;180;146;x;x
1001;197;69;137;x;x
1002;31;109;15;x;x
1003;226;142;187;x;x
1004;84;91;65;x;x
1005;62;62;173;x;x
1006;68;179;159;x;x
1007;67;134;186;x;x
1008;210;81;95;x;x
1009;159;154;204;x;x
1010;112;191;223;x;x
1011;150;119;62;x;x
1012;195;233;38;x;x
1013;53;212;176;x;x
1014;23;193;173;x;x
1015;210;75;202;x;x
1016;133;114;213;x;x
1017;159;18;199;x;x
1018;39;148;41;x;x
1019;33;145;193;x;x
1020;115;218;144;x;x
1021;209;47;140;x;x
1022;107;83;155;x;x
1023;207;20;141;x;x
1024;165;0;106;x;x
1025;152;52;203;x;x
1026;161;102;13;x;x
1027;199;124;101;x;x
1028;119;1;79;x;x
1029;70;177;172;x;x
1030;128;65;229;x;x
1031;69;59;88;x;x
1032;9;1;154;x;x
1033;92;137;253;x;x
1034;195;231;194;x;x
1035;74;223;196;x;x
1036;108;107;170;x;x
1037;196;211;117;x;x
1038;213;150;102;x;x
1039;8;161;77;x;x
1040;179;37;48;x;x
1041;103;136;141;x;x
1042;150;94;65;x;x
1043;181;75;209;x;x
1044;146;5;117;x;x
1045;48;183;86;x;x
1046;160;209;157;x;x
1047;57;166;194;x;x
1048;54;1;21;x;x
1049;184;94;111;x;x
1050;239;78;22;x;x
1051;170;17;215;x;x
1052;226;180;1;x;x
1053;144;113;210;x;x
1054;13;168;47;x;x
1055;238;215;178;x;x
1056;204;208;210;x;x
1057;56;199;201;x;x
1058;57;230;201;x;x
1059;236;162;131;x;x
1060;104;123;232;x;x
1061;175;74;15;x;x
1062;120;102;92;x;x
1063;168;19;9;x;x
1064;75;209;55;x;x
1065;159;77;214;x;x
1066;12;142;237;x;x
1067;121;83;151;x;x
1068;80;8;24;x;x
1069;17;147;94;x;x
1070;211;230;12;x;x
1071;103;135;42;x;x
1072;40;226;3;x;x
1073;172;42;16;x;x
1074;248;137;85;x;x
1075;167;124;219;x;x
1076;70;252;82;x;x
1077;160;176;193;x;x
1078;44;70;206;x;x
1079;27;187;88;x;x
1080;3;198;11;x;x
1081;115;115;7;x;x
1082;27;180;35;x;x
1083;22;238;152;x;x
1084;174;252;126;x;x
1085;168;143;135;x;x
1086;198;32;125;x;x
1087;255;102;39;x;x
1088;123;219;210;x;x
1089;210;19;253;x;x
1090;188;236;154;x;x
1091;48;10;39;x;x
1092;119;195;56;x;x
1093;70;197;95;x;x
1094;154;105;24;x;x
1095;7;146;5;x;x
1096;38;210;88;x;x
1097;245;221;240;x;x
1098;196;151;226;x;x
1099;205;39;104;x;x
1100;172;249;220;x;x
1101;35;9;14;x;x
1102;95;165;48;x;x
1103;22;246;237;x;x
1104;115;57;226;x;x
1105;124;237;58;x;x
1106;198;118;166;x;x
1107;31;68;76;x;x
1108;196;168;75;x;x
1109;157;152;94;x;x
1110;249;116;129;x;x
1111;51;245;50;x;x
1112;90;93;204;x;x
1113;219;159;148;x;x
1114;73;193;222;x;x
1115;211;200;225;x;x
1116;245;226;253;x;x
1117;107;86;169;x;x
1118;130;77;244;x;x
1119;99;63;117;x;x
1120;179;178;222;x;x
1121;184;32;181;x;x
1122;198;236;105;x;x
1123;229;157;154;x;x
1124;133;171;20;x;x
1125;200;90;4;x;x
1126;60;163;131;x;x
1127;191;70;93;x;x
1128;61;97;86;x;x
1129;219;117;228;x;x
1130;185;160;96;x;x
1131;23;212;29;x;x
1132;197;30;51;x;x
1133;193;78;143;x;x
1134;181;80;84;x;x
1135;31;251;223;x;x
1136;182;18;170;x;x
1137;186;184;225;x;x
1138;195;137;58;x;x
1139;124;50;128;x;x
1140;180;231;131;x;x
1141;139;228;5;x;x
1142;27;35;196;x;x
1143;0;6;82;x;x
1144;76;252;215;x;x
1145;245;210;194;x;x
1146;206;70;145;x;x
1147;174;162;88;x;x
1148;191;199;240;x;x
1149;228;136;224;x;x
1150;136;179;54;x;x
1151;79;102;10;x;x
1152;239;207;119;x;x
1153;20;162;156;x;x
1154;82;208;132;x;x
1155;117;196;158;x;x
1156;61;222;255;x;x
1157;99;132;235;x;x
1158;21;200;110;x;x
1159;19;132;179;x;x
1160;241;56;196;x;x
1161;155;85;255;x;x
1162;33;95;205;x;x
1163;166;56;170;x;x
1164;137;146;115;x;x
1165;49;247;172;x;x
1166;214;47;178;x;x
1167;190;13;35;x;x
1168;14;153;115;x;x
1169;26;68;85;x;x
1170;206;103;220;x;x
1171;136;158;53;x;x
1172;85;177;22;x;x
1173;3;230;14;x;x
1174;155;8;62;x;x
1175;147;166;142;x;x
1176;81;67;243;x;x
1177;148;63;153;x;x
1178;58;107;7;x;x
1179;58;169;137;x;x
1180;175;75;121;x;x
1181;128;171;41;x;x
1182;2;21;238;x;x
1183;253;43;191;x;x
1184;219;205;134;x;x
1185;219;241;12;x;x
1186;157;113;97;x;x
1187;206;119;88;x;x
1188;171;53;36;x;x
1189;248;251;226;x;x
1190;166;221;105;x;x
1191;243;166;205;x;x
1192;154;28;70;x;x
1193;55;170;62;x;x
1194;47;71;38;x;x
1195;120;76;155;x;x
1196;191;180;221;x;x
1197;26;167;20;x;x
1198;140;164;141;x;x
1199;71;91;154;x;x
1200;65;2;178;x;x
1201;65;22;191;x;x
1202;4;65;139;x;x
1203;52;215;213;x;x
1204;81;118;235;x;x
1205;176;110;97;x;x
1206;122;236;199;x;x
1207;255;203;208;x;x
1208;74;79;166;x;x
1209;208;119;150;x;x
1210;83;23;190;x;x
1211;225;172;195;x;x
1212;107;198;105;x;x
1213;236;26;184;x;x
1214;113;56;17;x;x
1215;150;250;51;x;x
1216;47;232;137;x;x
1217;221;171;192;x;x
1218;62;3;243;x;x
1219;208;214;160;x;x
1220;33;124;192;x;x
1221;112;67;69;x;x
1222;233;192;187;x;x
1223;151;21;70;x;x
1224;167;64;82;x;x
1225;67;135;54;x;x
1226;139;103;58;x;x
1227;75;119;207;x;x
1228;26;166;12;x;x
1229;176;193;117;x;x
1230;161;93;102;x;x
1231;169;65;68;x;x
1232;94;26;45;x;x
1233;15;246;252;x;x
1234;93;161;193;x;x
1235;252;12;93;x;x
1236;216;86;99;x;x
1237;104;196;67;x;x
1238;202;224;30;x;x
1239;175;51;197;x;x
1240;5;210;102;x;x
1241;126;107;37;x;x
1242;6;145;206;x;x
1243;128;83;110;x;x
1244;197;167;142;x;x
1245;93;24;101;x;x
1246;31;75;82;x;x
1247;19;51;138;x;x
1248;4;171;75;x;x
1249;1;254;186;x;x
1250;219;248;25;x;x
1251;154;55;170;x;x
1252;70;220;80;x;x
1253;185;57;50;x;x
1254;88;169;166;x;x
1255;145;252;108;x;x
1256;1;1;108;x;x
1257;36;177;18;x;x
1258;217;35;64;x;x
1259;0;45;22;x;x
1260;76;9;241;x;x
1261;187;181;24;x;x
1262;21;131;163;x;x
1263;16;147;220;x;x
1264;26;127;67;x;x
1265;202;240;209;x;x
1266;222;156;203;x;x
1267;161;157;81;x;x
1268;156;253;116;x;x
1269;199;218;105;x;x
1270;33;5;139;x;x
1271;0;251;81;x;x
1272;100;26;78;x;x
1273;21;89;157;x;x
1274;68;69;82;x;x
1275;185;198;121;x;x
1276;157;44;216;x;x
1277;25;19;248;x;x
1278;72;179;107;x;x
1279;228;209;137;x;x
1280;49;205;30;x;x
1281;97;216;14;x;x
1282;90;138;40;x;x
1283;1;16;222;x;x
1284;113;20;47;x;x
1285;198;190;236;x;x
1286;58;97;42;x;x
1287;206;181;240;x;x
1288;227;180;238;x;x
1289;89;121;205;x;x
1290;26;57;185;x;x
1291;184;3;214;x;x
1292;214;186;174;x;x
1293;100;97;97;x;x
1294;67;38;34;x;x
1295;172;75;204;x;x
1296;196;69;17;x;x
1297;130;251;133;x;x
1298;158;232;133;x;x
1299;71;124;60;x;x
1300;166;104;150;x;x
1301;230;125;162;x;x
1302;244;217;87;x;x
1303;43;132;70;x;x
1304;155;112;23;x;x
1305;254;124;164;x;x
1306;15;238;149;x;x
1307;201;99;135;x;x
1308;144;138;164;x;x
1309;198;174;71;x;x
1310;242;191;130;x;x
1311;130;105;9;x;x
1312;205;36;116;x;x
1313;73;137;200;x;x
1314;234;76;156;x;x
1315;201;146;90;x;x
1316;89;217;24;x;x
1317;78;211;107;x;x
1318;250;118;126;x;x
1319;195;237;37;x;x
1320;65;99;9;x;x
1321;214;7;1;x;x
1322;177;150;81;x;x
1323;17;49;23;x;x
1324;245;122;210;x;x
1325;181;113;243;x;x
1326;181;136;99;x;x
1327;18;88;131;x;x
1328;29;121;247;x;x
1329;90;104;116;x;x
1330;245;57;64;x;x
1331;251;86;253;x;x
1332;196;217;47;x;x
1333;225;4;145;x;x
1334;163;208;172;x;x
1335;245;28;81;x;x
1336;138;144;154;x;x
1337;13;170;50;x;x
1338;89;64;37;x;x
1339;150;124;59;x;x
1340;77;30;70;x;x
1341;162;194;109;x;x
1342;212;42;239;x;x
1343;57;185;174;x;x
1344;246;0;208;x;x
1345;147;190;53;x;x
1346;214;249;123;x;x
1347;65;181;85;x;x
1348;56;110;155;x;x
1349;125;53;20;x;x
1350;132;135;244;x;x
1351;175;132;190;x;x
1352;208;104;184;x;x
1353;109;97;152;x;x
1354;243;244;118;x;x
1355;253;16;244;x;x
1356;159;73;80;x;x
1357;48;18;44;x;x
1358;59;212;31;x;x
1359;198;216;152;x;x
1360;194;78;246;x;x
1361;152;45;123;x;x
1362;53;148;28;x;x
1363;1;222;10;x;x
1364;148;11;200;x;x
1365;245;24;166;x;x
1366;231;1;188;x;x
1367;118;81;80;x;x
1368;167;77;140;x;x
1369;247;78;27;x;x
1370;175;188;41;x;x
1371;178;143;64;x;x
1372;253;34;143;x;x
1373;142;52;175;x;x
1374;136;112;245;x;x
1375;3;112;77;x;x
1376;124;83;114;x;x
1377;221;155;87;x;x
1378;96;16;51;x;x
1379;154;154;168;x;x
1380;157;61;170;x;x
1381;198;227;6;x;x
1382;191;85;144;x;x
1383;99;89;184;x;x
1384;69;118;135;x;x
1385;55;31;14;x;x
1386;51;230;50;x;x
1387;136;200;73;x;x
1388;41;63;185;x;x
1389;45;242;66;x;x
1390;206;229;99;x;x
1391;9;186;59;x;x
1392;187;159;3;x;x
1393;65;147;156;x;x
1394;122;44;94;x;x
1395;39;185;3;x;x
1396;41;221;236;x;x
1397;21;238;138;x;x
1398;148;230;115;x;x
1399;135;87;11;x;x
1400;219;11;27;x;x
1401;224;238;149;x;x
1402;213;255;39;x;x
1403;69;43;130;x;x
1404;68;213;55;x;x
1405;60;34;73;x;x
1406;148;182;18;x;x
1407;151;149;67;x;x
1408;251;49;158;x;x
1409;234;89;9;x;x
1410;96;213;56;x;x
1411;209;43;28;x;x
1412;148;83;206;x;x
1413;123;235;165;x;x
1414;159;28;173;x;x
1415;97;0;80;x;x
1416;68;29;238;x;x
1417;66;22;249;x;x
1418;69;172;27;x;x
1419;74;199;204;x;x
1420;99;19;20;x;x
1421;214;111;78;x;x
1422;85;99;82;x;x
1423;135;0;181;x;x
1424;123;153;239;x;x
1425;121;250;141;x;x
1426;132;255;155;x;x
1427;187;97;217;x;x
1428;117;35;160;x;x
1429;116;111;177;x;x
1430;131;201;134;x;x
1431;254;174;163;x;x
1432;243;57;47;x;x
1433;254;76;130;x;x
1434;151;250;54;x;x
1435;244;91;188;x;x
1436;32;178;164;x;x
1437;69;102;50;x;x
1438;44;96;170;x;x
1439;219;108;210;x;x
1440;243;36;199;x;x
1441;129;214;36;x;x
1442;251;211;41;x;x
1443;93;3;38;x;x
1444;11;67;111;x;x
1445;98;45;46;x;x
1446;159;163;236;x;x
1447;89;219;88;x;x
1448;147;105;233;x;x
1449;109;88;213;x;x
1450;198;94;64;x;x
1451;133;213;5;x;x
1452;251;182;65;x;x
1453;114;223;74;x;x
1454;62;61;62;x;x
1455;103;51;144;x;x
1456;46;62;187;x;x
1457;21;113;244;x;x
1458;42;139;123;x;x
1459;136;87;14;x;x
1460;194;138;10;x;x
1461;148;182;168;x;x
1462;4;146;219;x;x
1463;102;193;156;x;x
1464;48;165;252;x;x
1465;141;191;18;x;x
1466;238;116;246;x;x
1467;137;171;167;x;x
1468;164;189;103;x;x
1469;162;93;248;x;x
1470;202;156;216;x;x
1471;180;119;167;x;x
1472;64;214;117;x;x
1473;246;134;5;x;x
1474;180;234;170;x;x
1475;125;18;185;x;x
1476;68;63;205;x;x
1477;194;163;157;x;x
1478;226;16;160;x;x
1479;101;228;146;x;x
1480;215;41;136;x;x
1481;79;95;225;x;x
1482;91;70;236;x;x
1483;147;119;34;x;x
1484;31;136;72;x;x
1485;165;207;176;x;x
1486;174;98;73;x;x
1487;66;148;175;x;x
1488;209;128;103;x;x
1489;40;185;0;x;x
1490;193;37;111;x;x
1491;165;22;246;x;x
1492;130;193;21;x;x
1493;66;90;118;x;x
1494;123;64;89;x;x
1495;189;41;42;x;x
1496;248;131;88;x;x
1497;32;28;85;x;x
1498;61;171;13;x;x
1499;22;89;205;x;x
1500;112;0;25;x;x
1501;246;77;248;x;x
1502;63;84;38;x;x
1503;112;82;234;x;x
1504;138;0;227;x;x
1505;105;250;213;x;x
1506;215;32;254;x;x
1507;200;15;126;x;x
1508;47;4;203;x;x
1509;169;132;14;x;x
1510;58;242;10;x;x
1511;228;125;215;x;x
1512;182;170;186;x;x
1513;23;106;5;x;x
1514;9;179;162;x;x
1515;209;34;162;x;x
1516;15;85;8;x;x
1517;253;5;104;x;x
1518;193;178;187;x;x
1519;220;191;70;x;x
1520;183;189;27;x;x
1521;195;173;107;x;x
1522;62;131;214;x;x
1523;159;48;34;x;x
1524;29;119;137;x;x
1525;198;249;229;x;x
1526;238;53;92;x;x
1527;168;95;88;x;x
1528;254;35;102;x;x
1529;100;9;41;x;x
1530;251;5;247;x;x
1531;178;238;87;x;x
1532;91;158;205;x;x
1533;182;76;4;x;x
1534;3;164;15;x;x
1535;221;205;146;x;x
1536;64;150;227;x;x
1537;7;142;88;x;x
1538;10;144;16;x;x
1539;132;53;99;x;x
1540;122;238;179;x;x
1541;239;116;187;x;x
1542;193;211;75;x;x
1543;177;165;227;x;x
1544;85;174;252;x;x
1545;118;44;31;x;x
1546;34;20;130;x;x
1547;234;50;116;x;x
1548;227;252;10;x;x
1549;32;42;10;x;x
1550;212;99;239;x;x
1551;15;216;238;x;x
1552;81;74;239;x;x
1553;185;20;161;x;x
1554;56;54;56;x;x
1555;224;218;131;x;x
1556;142;54;67;x;x
1557;214;222;243;x;x
1558;93;8;123;x;x
1559;49;73;8;x;x
1560;21;29;230;x;x
1561;64;125;131;x;x
1562;68;184;29;x;x
1563;97;158;19;x;x
1564;68;13;122;x;x
1565;243;66;25;x;x
1566;45;205;251;x;x
1567;176;119;99;x;x
1568;166;247;200;x;x
1569;62;227;49;x;x
1570;208;218;252;x;x
1571;106;38;109;x;x
1572;16;180;250;x;x
1573;34;87;123;x;x
1574;32;27;188;x;x
1575;106;169;131;x;x
1576;215;45;164;x;x
1577;51;104;200;x;x
1578;5;90;53;x;x
1579;143;182;244;x;x
1580;129;191;30;x;x
1581;110;107;196;x;x
1582;170;240;22;x;x
1583;175;40;112;x;x
1584;29;143;111;x;x
1585;63;65;115;x;x
1586;171;128;226;x;x
1587;13;102;215;x;x
1588;188;176;55;x;x
1589;155;211;216;x;x
1590;231;76;82;x;x
1591;125;54;197;x;x
1592;223;100;137;x;x
1593;112;158;112;x;x
1594;27;70;171;x;x
1595;183;245;241;x;x
1596;24;100;152;x;x
1597;191;55;205;x;x
1598;162;202;107;x;x
1599;158;160;244;x;x
1600;3;50;139;x;x
1601;104;158;48;x;x
1602;173;252;101;x;x
1603;76;90;96;x;x
1604;254;23;100;x;x
1605;234;162;236;x;x
1606;6;243;74;x;x
1607;68;196;171;x;x
1608;232;107;10;x;x
1609;96;222;171;x;x
1610;109;49;114;x;x
1611;254;228;158;x;x
1612;44;196;208;x;x
1613;161;79;237;x;x
1614;72;92;76;x;x
1615;204;221;52;x;x
1616;93;71;195;x;x
1617;159;39;32;x;x
1618;185;8;221;x;x
1619;102;254;210;x;x
1620;252;231;50;x;x
1621;88;21;61;x;x
1622;80;212;180;x;x
1623;120;158;113;x;x
1624;104;75;193;x;x
1625;87;181;158;x;x
1626;38;162;62;x;x
1627;0;225;97;x;x
1628;67;57;21;x;x
1629;77;9;59;x;x
1630;104;227;144;x;x
1631;176;163;75;x;x
1632;200;154;225;x;x
1633;62;226;222;x;x
1634;220;177;63;x;x
1635;40;82;249;x;x
1636;122;54;54;x;x
1637;21;74;17;x;x
1638;100;76;179;x;x
1639;31;90;53;x;x
1640;213;51;62;x;x
1641;18;147;52;x;x
1642;174;130;71;x;x
1643;176;53;250;x;x
1644;212;249;182;x;x
1645;50;68;81;x;x
1646;248;19;22;x;x
1647;124;56;154;x;x
1648;35;88;33;x;x
1649;170;211;65;x;x
1650;245;222;137;x;x
1651;59;201;200;x;x
1652;192;195;55;x;x
1653;30;229;57;x;x
1654;62;162;5;x;x
1655;203;238;10;x;x
1656;195;189;132;x;x
1657;114;241;225;x;x
1658;157;208;105;x;x
1659;179;4;41;x;x
1660;25;34;85;x;x
1661;11;184;62;x;x
1662;95;233;251;x;x
1663;146;46;10;x;x
1664;252;163;24;x;x
1665;102;6;212;x;x
1666;181;105;99;x;x
1667;18;91;195;x;x
1668;124;204;123;x;x
1669;93;188;73;x;x
1670;250;196;200;x;x
1671;227;163;151;x;x
1672;109;16;125;x;x
1673;132;227;158;x;x
1674;140;78;114;x;x
1675;46;164;180;x;x
1676;167;29;179;x;x
1677;62;128;21;x;x
1678;48;65;150;x;x
1679;240;43;132;x;x
1680;60;234;243;x;x
1681;30;93;114;x;x
1682;207;147;14;x;x
1683;239;240;106;x;x
1684;41;108;94;x;x
1685;229;187;126;x;x
1686;157;56;115;x;x
1687;24;59;70;x;x
1688;60;30;10;x;x
1689;54;200;62;x;x
1690;67;119;187;x;x
1691;22;194;223;x;x
1692;14;102;0;x;x
1693;185;67;180;x;x
1694;110;159;206;x;x
1695;195;186;242;x;x
1696;125;86;194;x;x
1697;200;86;63;x;x
1698;61;137;108;x;x
1699;103;61;199;x;x
1700;57;122;39;x;x
1701;197;32;13;x;x
1702;12;26;77;x;x
1703;152;171;220;x;x
1704;48;177;101;x;x
1705;91;206;1;x;x
1706;247;125;198;x;x
1707;64;161;153;x;x
1708;247;218;252;x;x
1709;217;174;111;x;x
1710;142;249;186;x;x
1711;8;20;219;x;x
1712;200;230;11;x;x
1713;236;92;79;x;x
1714;88;8;165;x;x
1715;251;205;38;x;x
1716;14;249;117;x;x
1717;110;166;56;x;x
1718;72;221;1;x;x
1719;61;128;249;x;x
1720;143;34;140;x;x
1721;247;137;127;x;x
1722;27;193;41;x;x
1723;5;206;187;x;x
1724;3;86;165;x;x
1725;184;160;124;x;x
1726;107;17;177;x;x
1727;126;120;117;x;x
1728;235;152;153;x;x
1729;74;51;42;x;x
1730;160;110;53;x;x
1731;66;29;247;x;x
1732;0;41;236;x;x
1733;251;241;57;x;x
1734;34;245;31;x;x
1735;107;105;138;x;x
1736;93;211;119;x;x
1737;49;31;137;x;x
1738;205;81;168;x;x
1739;150;10;2;x;x
1740;139;160;151;x;x
1741;228;65;8;x;x
1742;32;35;128;x;x
1743;54;94;244;x;x
1744;150;166;88;x;x
1745;57;73;29;x;x
1746;160;59;30;x;x
1747;53;212;246;x;x
1748;14;109;30;x;x
1749;23;80;69;x;x
1750;36;231;32;x;x
1751;186;152;62;x;x
1752;43;115;131;x;x
1753;112;30;216;x;x
1754;9;197;251;x;x
1755;41;207;177;x;x
1756;35;0;144;x;x
1757;189;48;254;x;x
1758;47;54;74;x;x
1759;207;200;85;x;x
1760;241;213;235;x;x
1761;133;50;239;x;x
1762;223;253;196;x;x
1763;142;238;201;x;x
1764;31;218;226;x;x
1765;128;69;157;x;x
1766;208;175;65;x;x
1767;197;104;77;x;x
1768;204;200;101;x;x
1769;112;214;75;x;x
1770;76;249;73;x;x
1771;193;14;149;x;x
1772;110;110;201;x;x
1773;162;236;251;x;x
1774;156;188;45;x;x
1775;30;157;246;x;x
1776;5;237;47;x;x
1777;53;27;121;x;x
1778;166;32;91;x;x
1779;79;47;206;x;x
1780;60;81;35;x;x
1781;83;227;131;x;x
1782;204;88;124;x;x
1783;35;220;58;x;x
1784;46;52;166;x;x
1785;51;223;229;x;x
1786;111;127;41;x;x
1787;125;169;214;x;x
1788;178;111;235;x;x
1789;208;99;143;x;x
1790;4;46;97;x;x
1791;1;204;52;x;x
1792;218;160;28;x;x
1793;238;230;23;x;x
1794;118;104;90;x;x
1795;232;155;133;x;x
1796;33;91;2;x;x
1797;174;168;36;x;x
1798;51;85;169;x;x
1799;18;219;186;x;x
1800;72;239;106;x;x
1801;63;126;201;x;x
1802;177;138;237;x;x
1803;205;15;84;x;x
1804;244;12;76;x;x
1805;136;231;101;x;x
1806;61;58;142;x;x
1807;227;241;101;x;x
1808;93;228;36;x;x
1809;212;114;194;x;x
1810;200;133;36;x;x
1811;150;156;119;x;x
1812;105;53;152;x;x
1813;209;41;41;x;x
1814;247;71;104;x;x
1815;75;137;114;x;x
1816;10;180;160;x;x
1817;177;54;143;x;x
1818;51;86;3;x;x
1819;66;223;119;x;x
1820;170;47;70;x;x
1821;29;205;28;x;x
1822;70;100;32;x;x
1823;117;83;199;x;x
1824;81;217;37;x;x
1825;46;74;255;x;x
1826;122;151;99;x;x
1827;67;72;125;x;x
1828;202;179;115;x;x
1829;123;54;94;x;x
1830;65;38;196;x;x
1831;77;200;51;x;x
1832;23;103;64;x;x
1833;122;10;135;x;x
1834;13;58;16;x;x
1835;57;92;149;x;x
1836;54;85;176;x;x
1837;165;25;92;x;x
1838;195;143;111;x;x
1839;151;28;149;x;x
1840;164;69;210;x;x
1841;232;71;29;x;x
1842;33;56;25;x;x
1843;197;27;215;x;x
1844;225;45;224;x;x
1845;233;126;194;x;x
1846;103;129;11;x;x
1847;155;63;31;x;x
1848;190;221;30;x;x
1849;5;70;210;x;x
1850;106;191;44;x;x
1851;21;196;86;x;x
1852;114;94;210;x;x
1853;119;147;225;x;x
1854;155;210;255;x;x
1855;101;200;92;x;x
1856;220;31;206;x;x
1857;9;11;222;x;x
1858;237;148;110;x;x
1859;177;111;27;x;x
1860;58;235;207;x;x
1861;16;75;74;x;x
1862;32;102;13;x;x
1863;204;38;98;x;x
1864;251;164;199;x;x
1865;141;136;186;x;x
1866;43;29;139;x;x
1867;148;100;4;x;x
1868;153;225;223;x;x
1869;45;99;137;x;x
1870;61;207;197;x;x
1871;202;26;188;x;x
1872;230;223;244;x;x
1873;165;231;145;x;x
1874;36;129;52;x;x
1875;32;104;130;x;x
1876;5;3;209;x;x
1877;211;10;201;x;x
1878;78;105;87;x;x
1879;41;158;118;x;x
1880;235;183;94;x;x
1881;26;132;158;x;x
1882;112;218;42;x;x
1883;6;244;205;x;x
1884;176;80;38;x;x
1885;68;209;163;x;x
1886;92;254;96;x;x
1887;174;193;10;x;x
1888;212;204;24;x;x
1889;53;196;84;x;x
1890;220;250;91;x;x
1891;76;73;223;x;x
1892;1;142;108;x;x
1893;144;38;193;x;x
1894;121;11;144;x;x
1895;123;15;44;x;x
1896;15;42;164;x;x
1897;206;225;99;x;x
1898;145;192;29;x;x
1899;234;246;69;x;x
1900;89;102;198;x;x
1901;72;31;99;x;x
1902;182;163;201;x;x
1903;129;26;95;x;x
1904;2;67;31;x;x
1905;60;68;203;x;x
1906;41;196;75;x;x
1907;168;96;231;x;x
1908;188;0;91;x;x
1909;248;255;143;x;x
1910;35;150;88;x;x
1911;197;75;125;x;x
1912;21;103;29;x;x
1913;179;120;51;x;x
1914;151;82;199;x;x
1915;28;70;41;x;x
1916;100;32;131;x;x
1917;146;169;41;x;x
1918;25;192;111;x;x
1919;225;185;110;x;x
1920;182;178;7;x;x
1921;107;74;217;x;x
1922;102;236;3;x;x
1923;32;190;217;x;x
1924;76;236;16;x;x
1925;179;93;111;x;x
1926;198;66;227;x;x
1927;240;100;183;x;x
1928;46;249;76;x;x
1929;29;255;32;x;x
1930;129;123;107;x;x
1931;76;174;132;x;x
1932;108;193;221;x;x
1933;204;115;238;x;x
1934;251;163;224;x;x
1935;74;94;193;x;x
1936;99;122;84;x;x
1937;185;10;56;x;x
1938;1;133;138;x;x
1939;25;99;98;x;x
1940;190;80;100;x;x
1941;112;219;94;x;x
1942;7;233;183;x;x
1943;199;8;124;x;x
1944;246;250;177;x;x
1945;229;112;56;x;x
1946;54;61;164;x;x
1947;86;100;49;x;x
1948;76;205;210;x;x
1949;50;211;178;x;x
1950;108;79;41;x;x
1951;69;105;187;x;x
1952;223;127;99;x;x
1953;1;74;151;x;x
1954;212;20;220;x;x
1955;179;16;141;x;x
1956;97;116;210;x;x
1957;186;33;50;x;x
1958;253;164;224;x;x
1959;233;254;97;x;x
1960;225;174;55;x;x
1961;158;42;74;x;x
1962;126;124;116;x;x
1963;185;132;66;x;x
1964;81;29;70;x;x
1965;54;6;3;x;x
1966;164;236;64;x;x
1967;242;131;25;x;x
1968;166;153;239;x;x
1969;226;128;69;x;x
1970;251;55;150;x;x
1971;17;208;169;x;x
1972;245;22;154;x;x
1973;165;172;187;x;x
1974;62;36;13;x;x
1975;243;241;194;x;x
1976;115;52;137;x;x
1977;229;3;71;x;x
1978;103;85;162;x;x
1979;109;8;26;x;x
1980;107;164;190;x;x
1981;253;103;175;x;x
1982;5;64;100;x;x
1983;206;120;156;x;x
1984;188;84;176;x;x
1985;241;96;114;x;x
1986;133;171;171;x;x
1987;48;110;183;x;x
1988;222;150;157;x;x
1989;173;80;35;x;x
1990;9;63;147;x;x
1991;131;158;64;x;x
1992;36;199;60;x;x
1993;130;188;58;x;x
1994;6;57;189;x;x
1995;200;118;179;x;x
1996;190;197;215;x;x
1997;218;93;211;x;x
1998;176;34;7;x;x
1999;246;159;93;x;x
2000;155;62;216;x;x
2001;239;44;231;x;x
2002;153;81;192;x;x
2003;190;165;166;x;x
2004;210;220;219;x;x
2005;206;207;56;x;x
2006;89;74;34;x;x
2007;175;21;88;x;x
2008;247;218;71;x;x
2009;211;230;35;x;x
2010;16;172;108;x;x
2011;102;89;48;x;x
2012;30;165;165;x;x
2013;220;121;44;x;x
2014;98;253;206;x;x
2015;201;141;132;x;x
2016;131;120;89;x;x
2017;139;214;194;x;x
2018;237;186;180;x;x
2019;95;131;99;x;x
2020;206;135;27;x;x
2021;106;30;238;x;x
2022;148;37;160;x;x
2023;243;205;180;x;x
2024;37;67;220;x;x
2025;77;77;24;x;x
2026;85;14;59;x;x
2027;172;114;76;x;x
2028;116;126;255;x;x
2029;54;242;250;x;x
2030;158;58;134;x;x
2031;231;42;137;x;x
2032;68;7;128;x;x
2033;107;91;189;x;x
2034;61;140;31;x;x
2035;60;30;254;x;x
2036;136;237;169;x;x
2037;255;27;230;x;x
2038;166;204;159;x;x
2039;77;14;241;x;x
2040;190;28;69;x;x
2041;50;3;150;x;x
2042;40;218;190;x;x
2043;177;137;121;x;x
2044;235;133;223;x;x
2045;168;119;224;x;x
2046;54;179;11;x;x
2047;83;10;232;x;x
2048;16;35;232;x;x
2049;51;197;220;x;x
2050;78;221;55;x;x
2051;57;2;56;x;x
2052;55;191;84;x;x
2053;216;240;87;x;x
2054;144;63;161;x;x
2055;108;160;168;x;x
2056;173;197;160;x;x
2057;92;209;97;x;x
2058;174;13;130;x;x
2059;161;106;1;x;x
2060;175;240;45;x;x
2061;184;12;106;x;x
2062;188;106;126;x;x
2063;144;225;213;x;x
2064;105;253;54;x;x
2065;202;111;133;x;x
2066;35;139;215;x;x
2067;199;38;200;x;x
2068;65;109;181;x;x
2069;167;53;66;x;x
2070;241;57;76;x;x
2071;141;161;251;x;x
2072;53;87;94;x;x
2073;48;124;9;x;x
2074;10;201;30;x;x
2075;225;52;176;x;x
2076;61;174;131;x;x
2077;0;159;241;x;x
2078;26;208;215;x;x
2079;181;31;139;x;x
2080;36;68;247;x;x
2081;115;203;246;x;x
2082;65;72;158;x;x
2083;27;126;113;x;x
2084;187;147;212;x;x
2085;8;72;167;x;x
2086;141;101;182;x;x
2087;250;55;222;x;x
2088;140;164;95;x;x
2089;157;5;87;x;x
2090;89;203;15;x;x
2091;155;144;207;x;x
2092;163;187;169;x;x
2093;203;61;202;x;x
2094;232;126;9;x;x
2095;211;82;235;x;x
2096;104;203;200;x;x
2097;179;82;163;x;x
2098;197;70;98;x;x
2099;165;224;228;x;x
2100;215;12;220;x;x
2101;123;252;127;x;x
2102;220;25;57;x;x
2103;59;61;200;x;x
2104;128;174;174;x;x
2105;178;174;255;x;x
2106;49;104;155;x;x
2107;77;11;157;x;x
2108;140;3;104;x;x
2109;158;141;2;x;x
2110;177;232;127;x;x
2111;247;239;166;x;x
2112;25;52;18;x;x
2113;213;225;24;x;x
2114;229;53;249;x;x
2115;82;182;131;x;x
2116;247;27;28;x;x
2117;141;122;29;x;x
2118;67;160;55;x;x
2119;253;12;61;x;x
2120;108;60;155;x;x
2121;149;156;21;x;x
2122;204;134;141;x;x
2123;98;159;27;x;x
2124;20;53;17;x;x
2125;189;87;89;x;x
2126;206;99;193;x;x
2127;108;5;135;x;x
2128;132;53;15;x;x
2129;222;209;114;x;x
2130;138;41;83;x;x
2131;236;65;156;x;x
2132;177;150;108;x;x
2133;6;133;81;x;x
2134;238;129;250;x;x
2135;15;119;46;x;x
2136;78;75;198;x;x
2137;183;220;144;x;x
2138;92;171;9;x;x
2139;134;152;143;x;x
2140;209;157;54;x;x
2141;0;4;142;x;x
2142;191;91;222;x;x
2143;199;30;220;x;x
2144;33;55;194;x;x
2145;142;242;111;x;x
2146;216;53;110;x;x
2147;194;33;249;x;x
2148;248;218;237;x;x
2149;210;182;200;x;x
2150;242;119;190;x;x
2151;5;64;205;x;x
2152;208;146;221;x;x
2153;85;228;227;x;x
2154;154;195;58;x;x
2155;32;215;105;x;x
2156;90;176;196;x;x
2157;184;252;53;x;x
2158;229;131;157;x;x
2159;185;26;148;x;x
2160;235;104;136;x;x
2161;241;189;255;x;x
2162;155;105;200;x;x
2163;59;122;39;x;x
2164;23;108;6;x;x
2165;230;125;209;x;x
2166;144;31;238;x;x
2167;115;148;123;x;x
2168;221;102;253;x;x
2169;54;77;112;x;x
2170;43;27;233;x;x
2171;216;88;255;x;x
2172;67;144;101;x;x
2173;92;1;28;x;x
2174;184;154;116;x;x
2175;148;246;158;x;x
2176;132;33;175;x;x
2177;29;93;14;x;x
2178;199;108;248;x;x
2179;254;204;63;x;x
2180;167;194;132;x;x
2181;50;11;8;x;x
2182;163;250;100;x;x
2183;165;44;112;x;x
2184;99;251;66;x;x
2185;243;11;143;x;x
2186;246;215;15;x;x
2187;255;51;185;x;x
2188;176;197;85;x;x
2189;53;210;246;x;x
2190;143;126;62;x;x
2191;207;114;85;x;x
2192;90;216;61;x;x
2193;108;218;173;x;x
2194;6;187;144;x;x
2195;47;174;7;x;x
2196;222;201;18;x;x
2197;228;166;88;x;x
2198;144;246;229;x;x
2199;187;40;216;x;x
2200;29;64;67;x;x
2201;3;131;240;x;x
2202;36;223;21;x;x
2203;39;167;255;x;x
2204;157;210;113;x;x
2205;248;92;103;x;x
2206;139;64;195;x;x
2207;166;235;190;x;x
2208;52;194;160;x;x
2209;118;33;245;x;x
2210;18;41;178;x;x
2211;121;66;197;x;x
2212;49;191;212;x;x
2213;96;137;193;x;x
2214;17;150;215;x;x
2215;172;83;52;x;x
2216;233;95;10;x;x
2217;250;165;75;x;x
2218;50;152;51;x;x
2219;2;2;186;x;x
2220;28;98;108;x;x
2221;90;36;249;x;x
2222;44;65;238;x;x
2223;41;41;196;x;x
2224;164;13;15;x;x
2225;112;167;17;x;x
2226;17;74;63;x;x
2227;75;64;208;x;x
2228;170;106;31;x;x
2229;212;248;56;x;x
2230;244;193;253;x;x
2231;153;135;177;x;x
2232;216;200;156;x;x
2233;54;240;101;x;x
2234;252;50;28;x;x
2235;152;64;148;x;x
2236;71;201;130;x;x
2237;100;81;56;x;x
2238;198;197;21;x;x
2239;142;217;216;x;x
2240;184;0;61;x;x
2241;8;194;134;x;x
2242;237;72;4;x;x
2243;168;154;236;x;x
2244;177;21;125;x;x
2245;9;67;217;x;x
2246;180;87;229;x;x
2247;242;114;54;x;x
2248;239;161;102;x;x
2249;210;25;64;x;x
2250;33;232;74;x;x
2251;23;77;43;x;x
2252;104;244;81;x;x
2253;135;81;74;x;x
2254;119;224;232;x;x
2255;126;246;21;x;x
2256;193;116;9;x;x
2257;140;104;38;x;x
2258;12;38;198;x;x
2259;15;23;237;x;x
2260;134;229;32;x;x
2261;61;71;35;x;x
2262;116;55;191;x;x
2263;185;63;140;x;x
2264;65;149;154;x;x
2265;242;89;116;x;x
2266;184;12;210;x;x
2267;197;103;143;x;x
2268;230;132;126;x;x
2269;123;44;24;x;x
2270;45;125;164;x;x
2271;218;226;140;x;x
2272;177;250;18;x;x
2273;230;43;182;x;x
2274;105;207;207;x;x
2275;76;91;228;x;x
2276;3;69;12;x;x
2277;65;192;76;x;x
2278;222;89;34;x;x
2279;119;74;24;x;x
2280;184;182;139;x;x
2281;76;35;86;x;x
2282;154;127;98;x;x
2283;19;130;192;x;x
2284;135;201;155;x;x
2285;185;7;176;x;x
2286;197;77;119;x;x
2287;11;119;155;x;x
2288;32;42;124;x;x
2289;147;103;236;x;x
2290;241;250;134;x;x
2291;108;99;110;x;x
2292;24;209;222;x;x
2293;14;157;219;x;x
2294;71;66;45;x;x
2295;174;253;222;x;x
2296;133;238;215;x;x
2297;63;31;26;x;x
2298;245;158;8;x;x
2299;167;103;37;x;x
2300;224;169;9;x;x
2301;40;66;106;x;x
2302;68;69;22;x;x
2303;225;216;127;x;x
2304;123;100;166;x;x
2305;246;154;122;x;x
2306;136;29;124;x;x
2307;176;161;24;x;x
2308;67;195;233;x;x
2309;140;143;8;x;x
2310;18;157;94;x;x
2311;81;85;241;x;x
2312;217;157;106;x;x
2313;149;50;120;x;x
2314;16;71;212;x;x
2315;53;167;165;x;x
2316;37;158;18;x;x
2317;133;236;41;x;x
2318;50;175;47;x;x
2319;220;254;250;x;x
2320;158;190;225;x;x
2321;65;25;179;x;x
2322;192;41;105;x;x
2323;62;238;145;x;x
2324;140;205;220;x;x
2325;252;148;111;x;x
2326;87;68;153;x;x
2327;161;200;76;x;x
2328;13;75;223;x;x
2329;13;186;117;x;x
2330;114;199;149;x;x
2331;154;209;108;x;x
2332;125;125;152;x;x
2333;70;233;207;x;x
2334;228;111;39;x;x
2335;93;181;97;x;x
2336;207;13;1;x;x
2337;243;95;227;x;x
2338;24;5;44;x;x
2339;122;218;255;x;x
2340;26;230;145;x;x
2341;75;38;142;x;x
2342;4;45;215;x;x
2343;34;105;188;x;x
2344;225;11;172;x;x
2345;98;16;4;x;x
2346;179;206;175;x;x
2347;167;42;155;x;x
2348;89;39;197;x;x
2349;75;61;28;x;x
2350;234;230;59;x;x
2351;100;143;233;x;x
2352;36;250;159;x;x
2353;32;211;136;x;x
2354;12;138;101;x;x
2355;252;158;88;x;x
2356;23;248;197;x;x
2357;201;221;249;x;x
2358;103;158;78;x;x
2359;245;16;184;x;x
2360;185;246;77;x;x
2361;21;10;87;x;x
2362;33;45;193;x;x
2363;131;117;197;x;x
2364;90;181;214;x;x
2365;182;214;85;x;x
2366;129;64;5;x;x
2367;187;165;193;x;x
2368;76;87;164;x;x
2369;18;135;204;x;x
2370;91;232;90;x;x
2371;2;90;139;x;x
2372;23;224;128;x;x
2373;69;9;209;x;x
2374;94;102;238;x;x
2375;9;243;151;x;x
2376;156;172;42;x;x
2377;97;245;209;x;x
2378;96;249;32;x;x
2379;71;32;23;x;x
2380;123;189;169;x;x
2381;201;66;103;x;x
2382;54;96;78;x;x
2383;232;187;104;x;x
2384;118;249;121;x;x
2385;100;103;145;x;x
2386;116;138;71;x;x
2387;232;249;213;x;x
2388;187;124;142;x;x
2389;164;40;137;x;x
2390;131;142;119;x;x
2391;66;226;165;x;x
2392;215;146;61;x;x
2393;235;59;150;x;x
2394;216;241;82;x;x
2395;62;249;244;x;x
2396;24;203;11;x;x
2397;15;138;235;x;x
2398;111;172;72;x;x
2399;50;116;71;x;x
2400;125;22;186;x;x
2401;146;121;28;x;x
2402;14;165;112;x;x
2403;153;61;165;x;x
2404;105;253;144;x;x
2405;198;219;123;x;x
2406;22;175;24;x;x
2407;111;41;254;x;x
2408;228;11;48;x;x
2409;140;226;239;x;x
2410;191;222;123;x;x
2411;56;121;46;x;x
2412;97;66;89;x;x
2413;62;204;128;x;x
2414;37;253;43;x;x
2415;164;71;6;x;x
2416;229;62;40;x;x
2417;138;3;1;x;x
2418;171;19;195;x;x
2419;237;138;191;x;x
2420;136;1;90;x;x
2421;29;107;115;x;x
2422;111;136;207;x;x
2423;101;115;197;x;x
2424;139;44;145;x;x
2425;148;136;174;x;x
2426;5;229;186;x;x
2427;168;69;225;x;x
2428;170;161;134;x;x
2429;204;125;36;x;x
2430;107;209;100;x;x
2431;250;5;38;x;x
2432;247;145;4;x;x
2433;51;212;229;x;x
2434;48;175;15;x;x
2435;212;254;183;x;x
2436;42;80;128;x;x
2437;240;10;77;x;x
2438;176;198;158;x;x
2439;177;93;1;x;x
2440;159;232;144;x;x
2441;59;218;89;x;x
2442;77;58;6;x;x
2443;102;240;121;x;x
2444;196;152;71;x;x
2445;56;249;43;x;x
2446;210;99;98;x;x
2447;154;108;201;x;x
2448;70;203;75;x;x
2449;4;64;41;x;x
2450;75;170;205;x;x
2451;145;183;238;x;x
2452;120;65;72;x;x
2453;93;151;251;x;x
2454;62;60;180;x;x
2455;53;89;181;x;x
2456;154;38;13;x;x
2457;6;32;94;x;x
2458;147;145;109;x;x
2459;174;10;227;x;x
2460;36;4;75;x;x
2461;185;71;164;x;x
2462;61;96;17;x;x
2463;247;145;130;x;x
2464;6;241;111;x;x
2465;50;159;76;x;x
2466;58;13;29;x;x
2467;117;246;255;x;x
2468;152;228;160;x;x
2469;211;224;211;x;x
2470;43;189;108;x;x
2471;173;17;193;x;x
2472;14;8;116;x;x
2473;76;238;19;x;x
2474;209;98;83;x;x
2475;112;124;222;x;x
2476;215;156;102;x;x
2477;67;184;135;x;x
2478;136;189;129;x;x
2479;185;228;103;x;x
2480;216;164;59;x;x
2481;233;63;34;x;x
2482;147;203;205;x;x
2483;97;49;49;x;x
2484;170;42;221;x;x
2485;154;23;158;x;x
2486;167;230;212;x;x
2487;182;235;228;x;x
2488;164;70;135;x;x
2489;128;24;165;x;x
2490;118;161;224;x;x
2491;66;176;180;x;x
2492;133;2;179;x;x
2493;42;247;63;x;x
2494;24;244;223;x;x
2495;58;78;21;x;x
2496;72;176;69;x;x
2497;138;240;220;x;x
2498;202;179;36;x;x
2499;29;254;100;x;x
2500;228;170;164;x;x
2501;231;111;61;x;x
2502;191;178;140;x;x
2503;72;56;78;x;x
2504;129;95;185;x;x
2505;20;255;127;x;x
2506;74;48;0;x;x
2507;126;167;17;x;x
2508;69;179;116;x;x
2509;54;159;124;x;x
2510;206;42;177;x;x
2511;251;13;52;x;x
2512;151;188;212;x;x
2513;70;136;97;x;x
2514;203;64;7;x;x
2515;37;126;167;x;x
2516;60;95;155;x;x
2517;44;151;10;x;x
2518;165;45;122;x;x
2519;56;66;149;x;x
2520;32;102;134;x;x
2521;185;114;4;x;x
2522;127;250;222;x;x
2523;32;168;68;x;x
2524;96;25;135;x;x
2525;79;93;117;x;x
2526;78;211;97;x;x
2527;232;48;72;x;x
2528;255;0;225;x;x
2529;165;57;114;x;x
2530;182;121;142;x;x
2531;205;231;158;x;x
2532;129;155;97;x;x
2533;248;136;120;x;x
2534;232;206;130;x;x
2535;88;190;4;x;x
2536;175;227;105;x;x
2537;92;153;78;x;x
2538;242;242;193;x;x
2539;190;35;221;x;x
2540;250;25;21;x;x
2541;207;49;203;x;x
2542;170;137;153;x;x
2543;116;180;106;x;x
2544;119;137;159;x;x
2545;11;172;229;x;x
2546;56;135;46;x;x
2547;60;203;213;x;x
2548;210;10;198;x;x
2549;244;116;164;x;x
2550;181;0;145;x;x
2551;65;58;89;x;x
2552;165;79;44;x;x
2553;75;180;224;x;x
2554;128;251;23;x;x
2555;169;67;86;x;x
2556;99;229;169;x;x
2557;154;174;181;x;x
2558;23;164;172;x;x
2559;236;234;144;x;x
2560;137;74;54;x;x
2561;217;41;0;x;x
2562;230;20;222;x;x
2563;229;228;149;x;x
2564;154;238;160;x;x
2565;68;162;131;x;x
2566;160;42;110;x;x
2567;100;243;233;x;x
2568;71;202;74;x;x
2569;89;41;16;x;x
2570;167;156;44;x;x
2571;155;229;43;x;x
2572;178;71;9;x;x
2573;9;152;53;x;x
2574;200;87;252;x;x
2575;61;95;239;x;x
2576;253;199;53;x;x
2577;10;145;38;x;x
2578;176;215;41;x;x
2579;168;56;148;x;x
2580;21;224;152;x;x
2581;120;52;57;x;x
2582;73;69;80;x;x
2583;243;204;5;x;x
2584;51;76;80;x;x
2585;28;168;76;x;x
2586;100;84;153;x;x
2587;191;242;190;x;x
2588;156;202;83;x;x
2589;97;244;80;x;x
2590;30;102;23;x;x
2591;33;15;191;x;x
2592;155;245;79;x;x
2593;8;209;1;x;x
2594;162;219;142;x;x
2595;231;144;113;x;x
2596;166;62;92;x;x
2597;125;251;200;x;x
2598;133;157;135;x;x
2599;181;206;227;x;x
2600;127;216;241;x;x
2601;176;81;116;x;x
2602;201;163;226;x;x
2603;229;161;40;x;x
2604;171;41;108;x;x
2605;205;228;102;x;x
2606;239;42;57;x;x
2607;218;237;234;x;x
2608;13;48;83;x;x
2609;242;179;16;x;x
2610;97;230;13;x;x
2611;181;146;80;x;x
2612;33;68;180;x;x
2613;41;131;34;x;x
2614;67;44;232;x;x
2615;239;114;96;x;x
2616;134;24;114;x;x
2617;2;42;59;x;x
2618;117;33;137;x;x
2619;118;197;37;x;x
2620;104;187;209;x;x
2621;7;169;84;x;x
2622;56;126;83;x;x
2623;175;199;42;x;x
2624;234;224;253;x;x
2625;93;78;114;x;x
2626;19;11;201;x;x
2627;132;218;107;x;x
2628;45;116;118;x;x
2629;137;18;136;x;x
2630;157;45;97;x;x
2631;119;250;146;x;x
2632;154;156;185;x;x
2633;250;119;70;x;x
2634;145;228;84;x;x
2635;77;231;28;x;x
2636;251;53;221;x;x
2637;131;76;150;x;x
2638;12;112;241;x;x
2639;29;77;198;x;x
2640;46;58;88;x;x
2641;16;201;218;x;x
2642;59;140;218;x;x
2643;61;52;73;x;x
2644;53;90;246;x;x
2645;99;110;10;x;x
2646;217;164;72;x;x
2647;47;48;5;x;x
2648;216;166;80;x;x
2649;103;201;12;x;x
2650;127;158;200;x;x
2651;81;111;25;x;x
2652;74;196;141;x;x
2653;242;84;166;x;x
2654;45;50;72;x;x
2655;218;239;143;x;x
2656;253;78;81;x;x
2657;88;207;255;x;x
2658;77;231;225;x;x
2659;209;231;181;x;x
2660;108;53;255;x;x
2661;73;79;44;x;x
2662;175;248;31;x;x
2663;61;43;66;x;x
2664;93;28;64;x;x
2665;65;46;69;x;x
2666;41;238;254;x;x
2667;223;89;170;x;x
2668;6;44;160;x;x
2669;174;147;65;x;x
2670;81;82;222;x;x
2671;32;4;193;x;x
2672;242;249;89;x;x
2673;0;169;47;x;x
2674;230;15;221;x;x
2675;236;213;195;x;x
2676;177;169;1;x;x
2677;208;106;84;x;x
2678;22;88;64;x;x
2679;132;77;183;x;x
2680;88;220;174;x;x
2681;106;216;154;x;x
2682;67;224;203;x;x
2683;111;164;49;x;x
2684;185;42;107;x;x
2685;3;190;199;x;x
2686;203;136;74;x;x
2687;65;208;109;x;x
2688;39;154;85;x;x
2689;127;110;191;x;x
2690;97;81;119;x;x
2691;22;228;60;x;x
2692;40;33;103;x;x
2693;216;77;240;x;x
2694;115;229;28;x;x
2695;126;232;176;x;x
2696;135;77;147;x;x
2697;40;148;240;x;x
2698;146;90;227;x;x
2699;114;190;124;x;x
2700;216;215;89;x;x
2701;85;249;162;x;x
2702;102;196;209;x;x
2703;71;51;210;x;x
2704;36;215;220;x;x
2705;116;18;12;x;x
2706;220;218;225;x;x
2707;7;28;145;x;x
2708;90;40;151;x;x
2709;211;117;6;x;x
2710;14;234;35;x;x
2711;89;220;97;x;x
2712;189;132;22;x;x
2713;129;161;14;x;x
2714;148;133;194;x;x
2715;150;63;201;x;x
2716;48;85;143;x;x
2717;102;92;195;x;x
2718;203;122;72;x;x
2719;140;15;21;x;x
2720;71;158;206;x;x
2721;107;5;211;x;x
2722;110;13;146;x;x
2723;127;6;181;x;x
2724;142;118;43;x;x
2725;131;99;111;x;x
2726;160;209;242;x;x
2727;242;197;19;x;x
2728;135;20;243;x;x
2729;250;146;142;x;x
2730;29;234;2;x;x
2731;77;137;140;x;x
2732;61;122;143;x;x
2733;111;49;247;x;x
2734;183;158;168;x;x
2735;229;240;53;x;x
2736;79;173;172;x;x
2737;69;35;175;x;x
2738;146;170;132;x;x
2739;239;251;245;x;x
2740;36;178;247;x;x
2741;247;136;187;x;x
2742;187;0;196;x;x
2743;236;178;68;x;x
2744;28;62;84;x;x
2745;238;240;69;x;x
2746;119;109;157;x;x
2747;215;246;100;x;x
2748;205;11;62;x;x
2749;183;31;112;x;x
2750;157;87;224;x;x
2751;105;212;39;x;x
2752;241;53;141;x;x
2753;17;44;39;x;x
2754;70;14;170;x;x
2755;139;0;56;x;x
2756;217;135;116;x;x
2757;92;228;246;x;x
2758;41;16;148;x;x
2759;9;114;186;x;x
2760;218;234;24;x;x
2761;243;162;203;x;x
2762;183;161;100;x;x
2763;189;208;214;x;x
2764;96;38;104;x;x
2765;209;12;255;x;x
2766;194;127;194;x;x
2767;157;251;115;x;x
2768;44;56;96;x;x
2769;241;65;124;x;x
2770;64;184;171;x;x
2771;244;113;37;x;x
2772;231;111;84;x;x
2773;137;34;215;x;x
2774;170;61;49;x;x
2775;231;41;118;x;x
2776;178;235;214;x;x
2777;165;138;235;x;x
2778;123;66;134;x;x
2779;103;234;100;x;x
2780;186;38;88;x;x
2781;251;148;45;x;x
2782;74;6;224;x;x
2783;64;143;165;x;x
2784;211;127;111;x;x
2785;83;196;139;x;x
2786;62;84;71;x;x
2787;29;167;191;x;x
2788;192;13;87;x;x
2789;77;171;145;x;x
2790;252;236;207;x;x
2791;212;252;26;x;x
2792;153;17;215;x;x
2793;67;132;153;x;x
2794;70;127;185;x;x
2795;89;199;198;x;x
2796;192;14;64;x;x
2797;117;123;246;x;x
2798;244;175;159;x;x
2799;93;186;196;x;x
2800;165;80;32;x;x
2801;80;162;190;x;x
2802;171;39;89;x;x
2803;11;201;31;x;x
2804;212;109;35;x;x
2805;169;243;54;x;x
2806;22;156;155;x;x
2807;191;142;221;x;x
2808;89;47;79;x;x
2809;207;99;214;x;x
2810;75;187;133;x;x
2811;100;230;157;x;x
2812;42;79;57;x;x
2813;215;175;81;x;x
2814;169;146;141;x;x
2815;187;237;202;x;x
2816;152;135;145;x;x
2817;8;53;219;x;x
2818;104;189;170;x;x
2819;18;44;74;x;x
2820;86;114;225;x;x
2821;225;190;23;x;x
2822;248;170;177;x;x
2823;240;215;68;x;x
2824;162;145;73;x;x
2825;203;220;246;x;x
2826;243;159;214;x;x
2827;62;51;241;x;x
2828;234;191;22;x;x
2829;204;62;252;x;x
2830;89;215;125;x;x
2831;64;190;47;x;x
2832;253;77;74;x;x
2833;66;192;59;x;x
2834;121;246;214;x;x
2835;92;6;200;x;x
2836;134;209;25;x;x
2837;225;75;179;x;x
2838;121;63;89;x;x
2839;163;120;139;x;x
2840;210;250;54;x;x
2841;46;219;80;x;x
2842;80;216;149;x;x
2843;148;209;36;x;x
2844;217;200;249;x;x
2845;82;99;126;x;x
2846;232;35;63;x;x
2847;19;157;91;x;x
2848;86;172;114;x;x
2849;125;117;190;x;x
2850;112;12;184;x;x
2851;202;215;211;x;x
2852;126;3;37;x;x
2853;85;103;132;x;x
2854;204;154;215;x;x
2855;163;165;98;x;x
2856;178;97;139;x;x
2857;251;199;232;x;x
2858;144;8;25;x;x
2859;32;156;82;x;x
2860;131;246;36;x;x
2861;102;214;76;x;x
2862;100;28;243;x;x
2863;55;216;36;x;x
2864;63;189;107;x;x
2865;222;214;67;x;x
2866;141;246;148;x;x
2867;245;243;169;x;x
2868;87;232;23;x;x
2869;76;242;150;x;x
2870;20;201;163;x;x
2871;170;26;210;x;x
2872;120;76;67;x;x
2873;180;12;61;x;x
2874;23;56;195;x;x
2875;244;223;97;x;x
2876;50;138;97;x;x
2877;224;54;146;x;x
2878;45;149;255;x;x
2879;152;209;156;x;x
2880;103;248;130;x;x
2881;10;125;158;x;x
2882;172;189;236;x;x
2883;185;110;167;x;x
2884;222;5;154;x;x
2885;84;120;116;x;x
2886;0;68;35;x;x
2887;21;193;4;x;x
2888;3;120;140;x;x
2889;203;34;138;x;x
2890;243;102;117;x;x
2891;36;233;106;x;x
2892;112;60;204;x;x
2893;126;109;170;x;x
2894;7;11;154;x;x
2895;183;96;200;x;x
2896;213;152;181;x;x
2897;220;188;4;x;x
2898;232;172;139;x;x
2899;193;45;124;x;x
2900;13;47;21;x;x
2901;215;235;157;x;x
2902;130;192;60;x;x
2903;224;33;167;x;x
2904;170;91;193;x;x
2905;241;218;49;x;x
2906;22;78;59;x;x
2907;207;140;3;x;x
2908;229;7;214;x;x
2909;190;148;160;x;x
2910;97;163;128;x;x
2911;176;61;245;x;x
2912;134;118;250;x;x
2913;83;20;84;x;x
2914;130;155;182;x;x
2915;160;221;141;x;x
2916;109;85;239;x;x
2917;190;59;12;x;x
2918;67;131;165;x;x
2919;121;64;236;x;x
2920;127;246;206;x;x
2921;119;86;65;x;x
2922;1;215;212;x;x
2923;1;17;50;x;x
2924;59;198;67;x;x
2925;59;33;62;x;x
2926;224;107;44;x;x
2927;61;220;212;x;x
2928;138;159;157;x;x
2929;127;43;131;x;x
2930;51;78;197;x;x
2931;49;96;139;x;x
2932;139;23;32;x;x
2933;239;228;150;x;x
2934;60;190;132;x;x
2935;218;48;200;x;x
2936;137;242;103;x;x
2937;72;251;166;x;x
2938;166;239;150;x;x
2939;174;21;42;x;x
2940;36;148;178;x;x
2941;228;39;76;x;x
2942;179;37;188;x;x
2943;117;28;10;x;x
2944;76;92;35;x;x
2945;250;251;176;x;x
2946;127;66;12;x;x
2947;131;14;24;x;x
2948;25;208;176;x;x
2949;54;40;62;x;x
2950;30;98;56;x;x
2951;14;172;171;x;x
2952;156;50;97;x;x
2953;24;47;249;x;x
2954;72;15;111;x;x
2955;68;52;223;x;x
2956;122;80;84;x;x
2957;145;48;37;x;x
2958;115;0;233;x;x
2959;173;103;174;x;x
2960;177;86;34;x;x
2961;254;172;186;x;x
2962;189;28;101;x;x
2963;154;136;149;x;x
2964;165;239;142;x;x
2965;187;210;191;x;x
2966;247;11;191;x;x
2967;155;31;241;x;x
2968;57;178;61;x;x
2969;156;140;178;x;x
2970;126;48;26;x;x
2971;42;232;103;x;x
2972;203;70;240;x;x
2973;36;80;93;x;x
2974;140;59;143;x;x
2975;72;77;104;x;x
2976;46;129;208;x;x
2977;16;127;58;x;x
2978;129;22;248;x;x
2979;104;218;109;x;x
2980;167;28;70;x;x
2981;139;152;203;x;x
2982;103;176;67;x;x
2983;18;152;215;x;x
2984;226;141;230;x;x
2985;159;6;41;x;x
2986;230;203;113;x;x
2987;156;193;144;x;x
2988;13;242;7;x;x
2989;247;239;24;x;x
2990;93;188;218;x;x
2991;101;105;212;x;x
2992;55;182;129;x;x
2993;244;229;48;x;x
2994;40;228;211;x;x
2995;131;65;156;x;x
2996;170;162;121;x;x
2997;6;41;138;x;x
2998;25;192;212;x;x
2999;246;48;216;x;x
3000;209;80;13;x;x
3001;253;159;249;x;x
3002;43;233;223;x;x
3003;58;93;9;x;x
3004;56;8;112;x;x
3005;148;193;213;x;x
3006;228;23;203;x;x
3007;15;21;100;x;x
3008;142;53;54;x;x
3009;94;185;191;x;x
3010;212;62;24;x;x
3011;13;32;55;x;x
3012;122;59;55;x;x
3013;62;26;29;x;x
3014;134;64;212;x;x
3015;87;121;68;x;x
3016;15;83;10;x;x
3017;137;156;131;x;x
3018;166;219;40;x;x
3019;177;82;92;x;x
3020;154;18;36;x;x
3021;147;77;123;x;x
3022;71;107;227;x;x
3023;90;156;177;x;x
3024;203;190;213;x;x
3025;92;226;220;x;x
3026;95;63;195;x;x
3027;154;87;135;x;x
3028;47;254;75;x;x
3029;205;26;39;x;x
3030;154;225;174;x;x
3031;86;171;110;x;x
3032;40;93;143;x;x
3033;126;217;223;x;x
3034;243;231;6;x;x
3035;20;96;38;x;x
3036;240;107;187;x;x
3037;98;229;147;x;x
3038;8;13;193;x;x
3039;46;165;241;x;x
3040;104;183;44;x;x
3041;147;137;102;x;x
3042;14;225;26;x;x
3043;219;187;254;x;x
3044;136;226;254;x;x
3045;185;171;24;x;x
3046;130;134;228;x;x
3047;248;125;14;x;x
3048;179;139;250;x;x
3049;106;92;67;x;x
3050;66;4;223;x;x
3051;65;43;160;x;x
3052;15;77;2;x;x
3053;233;26;0;x;x
3054;130;103;247;x;x
3055;194;203;185;x;x
3056;175;126;105;x;x
3057;162;202;221;x;x
3058;84;121;79;x;x
3059;43;65;131;x;x
3060;32;91;128;x;x
3061;115;116;63;x;x
3062;245;160;42;x;x
3063;38;227;209;x;x
3064;228;144;191;x;x
3065;141;162;218;x;x
3066;132;104;243;x;x
3067;215;32;216;x;x
3068;154;253;138;x;x
3069;33;201;77;x;x
3070;2;7;205;x;x
3071;33;214;139;x;x
3072;140;26;2;x;x
3073;59;39;169;x;x
3074;239;171;189;x;x
3075;67;47;147;x;x
3076;248;128;194;x;x
3077;206;218;244;x;x
3078;30;170;6;x;x
3079;32;194;229;x;x
3080;217;82;59;x;x
3081;171;148;28;x;x
3082;51;2;66;x;x
3083;79;183;150;x;x
3084;47;73;185;x;x
3085;6;157;155;x;x
3086;109;100;161;x;x
3087;209;101;246;x;x
3088;246;139;117;x;x
3089;147;137;53;x;x
3090;32;18;60;x;x
3091;70;188;225;x;x
3092;143;66;67;x;x
3093;192;209;7;x;x
3094;90;48;58;x;x
3095;135;49;93;x;x
3096;157;158;225;x;x
3097;133;114;134;x;x
3098;167;116;179;x;x
3099;17;157;47;x;x
3100;68;0;244;x;x
3101;99;204;129;x;x
3102;70;154;207;x;x
3103;235;145;137;x;x
3104;11;241;106;x;x
3105;249;231;40;x;x
3106;243;54;156;x;x
3107;254;69;70;x;x
3108;214;26;15;x;x
3109;197;185;151;x;x
3110;89;105;43;x;x
3111;198;216;38;x;x
3112;222;144;70;x;x
3113;155;66;179;x;x
3114;248;237;38;x;x
3115;67;77;43;x;x
3116;174;17;86;x;x
3117;248;44;126;x;x
3118;70;34;234;x;x
3119;75;75;147;x;x
3120;146;116;201;x;x
3121;214;66;202;x;x
3122;10;0;58;x;x
3123;162;193;135;x;x
3124;126;152;153;x;x
3125;235;21;255;x;x
3126;65;191;126;x;x
3127;201;55;224;x;x
3128;37;76;210;x;x
3129;199;200;45;x;x
3130;185;30;182;x;x
3131;236;135;208;x;x
3132;88;229;1;x;x
3133;204;189;103;x;x
3134;146;160;12;x;x
3135;141;132;169;x;x
3136;151;11;77;x;x
3137;194;71;154;x;x
3138;238;102;208;x;x
3139;56;182;116;x;x
3140;96;198;253;x;x
3141;218;35;76;x;x
3142;128;19;5;x;x
3143;18;226;88;x;x
3144;43;245;180;x;x
3145;36;225;78;x;x
3146;80;166;158;x;x
3147;210;194;166;x;x
3148;24;220;162;x;x
3149;27;98;54;x;x
3150;93;223;68;x;x
3151;125;202;100;x;x
3152;140;232;192;x;x
3153;226;48;21;x;x
3154;196;221;232;x;x
3155;187;130;114;x;x
3156;67;245;189;x;x
3157;23;248;31;x;x
3158;28;248;134;x;x
3159;118;29;251;x;x
3160;127;7;193;x;x
3161;3;15;4;x;x
3162;172;245;48;x;x
3163;149;112;103;x;x
3164;74;89;174;x;x
3165;90;136;25;x;x
3166;170;198;149;x;x
3167;39;38;128;x;x
3168;210;168;103;x;x
3169;234;123;163;x;x
3170;163;231;87;x;x
3171;22;198;240;x;x
3172;52;136;167;x;x
3173;96;196;217;x;x
3174;254;65;74;x;x
3175;122;69;90;x;x
3176;139;75;99;x;x
3177;247;77;240;x;x
3178;178;98;35;x;x
3179;152;216;137;x;x
3180;253;245;10;x;x
3181;0;253;127;x;x
3182;129;22;73;x;x
3183;34;230;84;x;x
3184;169;3;105;x;x
3185;150;2;108;x;x
3186;176;212;200;x;x
3187;101;254;151;x;x
3188;43;158;204;x;x
3189;57;35;182;x;x
3190;134;149;209;x;x
3191;66;234;85;x;x
3192;114;154;87;x;x
3193;5;236;94;x;x
3194;225;81;153;x;x
3195;223;72;9;x;x
3196;77;131;217;x;x
3197;29;155;246;x;x
3198;102;243;79;x;x
3199;60;87;178;x;x
3200;214;150;15;x;x
3201;135;211;111;x;x
3202;249;113;123;x;x
3203;254;227;108;x;x
3204;130;90;223;x;x
3205;146;201;24;x;x
3206;232;187;124;x;x
3207;167;152;70;x;x
3208;236;41;161;x;x
3209;134;19;185;x;x
3210;58;158;42;x;x
3211;167;96;165;x;x
3212;70;99;36;x;x
3213;254;204;242;x;x
3214;246;92;105;x;x
3215;29;145;66;x;x
3216;62;91;151;x;x
3217;142;43;145;x;x
3218;81;124;114;x;x
3219;95;141;139;x;x
3220;69;204;135;x;x
3221;225;46;163;x;x
3222;199;103;248;x;x
3223;171;138;161;x;x
3224;201;29;27;x;x
3225;225;211;33;x;x
3226;109;92;123;x;x
3227;234;39;2;x;x
3228;164;115;30;x;x
3229;111;112;80;x;x
3230;240;234;255;x;x
3231;248;24;213;x;x
3232;44;145;144;x;x
3233;203;223;58;x;x
3234;35;237;129;x;x
3235;232;67;178;x;x
3236;204;12;27;x;x
3237;203;202;12;x;x
3238;230;175;234;x;x
3239;25;197;130;x;x
3240;145;218;60;x;x
3241;94;161;5;x;x
3242;99;205;58;x;x
3243;210;23;230;x;x
3244;1;186;199;x;x
3245;34;39;125;x;x
3246;108;190;185;x;x
3247;45;247;196;x;x
3248;0;227;98;x;x
3249;126;161;227;x;x
3250;0;147;35;x;x
3251;85;41;98;x;x
3252;56;114;133;x;x
3253;19;12;100;x;x
3254;106;145;212;x;x
3255;184;29;45;x;x
3256;36;127;10;x;x
3257;248;215;64;x;x
3258;22;196;20;x;x
3259;47;58;223;x;x
3260;201;181;31;x;x
3261;153;39;210;x;x
3262;216;182;227;x;x
3263;138;82;229;x;x
3264;189;159;15;x;x
3265;0;86;70;x;x
3266;9;88;246;x;x
3267;170;29;28;x;x
3268;220;2;8;x;x
3269;114;118;242;x;x
3270;89;19;145;x;x
3271;13;119;253;x;x
3272;9;41;235;x;x
3273;119;219;94;x;x
3274;75;198;36;x;x
3275;169;67;68;x;x
3276;200;121;151;x;x
3277;196;222;228;x;x
3278;136;89;217;x;x
3279;121;74;214;x;x
3280;80;219;71;x;x
3281;10;28;114;x;x
3282;196;179;178;x;x
3283;193;100;158;x;x
3284;183;198;160;x;x
3285;85;82;33;x;x
3286;212;18;1;x;x
3287;77;1;189;x;x
3288;84;22;196;x;x
3289;205;23;97;x;x
3290;68;254;67;x;x
3291;81;3;50;x;x
3292;85;77;118;x;x
3293;58;254;36;x;x
3294;249;149;208;x;x
3295;186;71;136;x;x
3296;226;44;252;x;x
3297;47;167;63;x;x
3298;229;253;117;x;x
3299;112;127;208;x;x
3300;117;177;40;x;x
3301;142;139;2;x;x
3302;158;10;23;x;x
3303;125;200;230;x;x
3304;198;142;96;x;x
3305;28;37;214;x;x
3306;24;143;17;x;x
3307;92;105;210;x;x
3308;208;107;153;x;x
3309;139;27;221;x;x
3310;53;80;122;x;x
3311;35;69;25;x;x
3312;55;174;249;x;x
3313;120;153;101;x;x
3314;140;145;33;x;x
3315;151;39;64;x;x
3316;39;39;67;x;x
3317;254;210;147;x;x
3318;110;210;7;x;x
3319;130;38;29;x;x
3320;33;9;16;x;x
3321;6;230;211;x;x
3322;69;7;61;x;x
3323;161;191;255;x;x
3324;242;177;76;x;x
3325;204;212;109;x;x
3326;37;121;167;x;x
3327;23;199;72;x;x
3328;74;218;12;x;x
3329;14;169;138;x;x
3330;24;183;132;x;x
3331;139;73;128;x;x
3332;134;143;58;x;x
3333;240;0;166;x;x
3334;250;232;93;x;x
3335;88;41;28;x;x
3336;171;129;231;x;x
3337;14;97;247;x;x
3338;39;144;245;x;x
3339;157;94;156;x;x
3340;103;98;139;x;x
3341;228;131;189;x;x
3342;7;212;150;x;x
3343;17;165;56;x;x
3344;112;205;29;x;x
3345;45;150;29;x;x
3346;88;133;128;x;x
3347;10;244;140;x;x
3348;179;169;253;x;x
3349;13;231;156;x;x
3350;207;68;26;x;x
3351;178;145;201;x;x
3352;236;119;54;x;x
3353;183;137;16;x;x
3354;255;152;230;x;x
3355;93;35;59;x;x
3356;111;248;95;x;x
3357;128;224;153;x;x
3358;13;126;113;x;x
3359;104;125;151;x;x
3360;86;228;165;x;x
3361;77;156;190;x;x
3362;50;110;72;x;x
3363;149;120;42;x;x
3364;96;47;142;x;x
3365;41;60;128;x;x
3366;144;196;231;x;x
3367;153;34;34;x;x
3368;225;177;179;x;x
3369;48;126;93;x;x
3370;56;133;8;x;x
3371;152;80;79;x;x
3372;37;147;124;x;x
3373;239;159;250;x;x
3374;137;174;115;x;x
3375;38;174;190;x;x
3376;29;220;60;x;x
3377;222;199;71;x;x
3378;37;132;95;x;x
3379;222;188;55;x;x
3380;20;12;255;x;x
3381;147;252;73;x;x
3382;136;244;120;x;x
3383;54;55;79;x;x
3384;1;76;164;x;x
3385;110;161;233;x;x
3386;39;115;166;x;x
3387;33;223;136;x;x
3388;33;21;11;x;x
3389;135;30;44;x;x
3390;21;28;125;x;x
3391;153;79;48;x;x
3392;196;209;209;x;x
3393;161;170;202;x;x
3394;204;101;174;x;x
3395;187;62;73;x;x
3396;12;151;0;x;x
3397;223;57;129;x;x
3398;215;145;18;x;x
3399;37;140;82;x;x
3400;73;7;10;x;x
3401;183;95;33;x;x
3402;110;67;78;x;x
3403;167;10;51;x;x
3404;214;165;99;x;x
3405;111;45;78;x;x
3406;69;255;80;x;x
3407;189;75;14;x;x
3408;137;245;69;x;x
3409;131;199;70;x;x
3410;81;21;9;x;x
3411;254;207;127;x;x
3412;132;30;250;x;x
3413;102;48;207;x;x
3414;176;168;56;x;x
3415;134;168;26;x;x
3416;2;105;254;x;x
3417;152;148;30;x;x
3418;40;21;183;x;x
3419;221;19;161;x;x
3420;23;232;46;x;x
3421;107;184;42;x;x
3422;136;2;226;x;x
3423;85;29;192;x;x
3424;42;130;242;x;x
3425;172;204;121;x;x
3426;96;248;221;x;x
3427;75;14;164;x;x
3428;176;25;152;x;x
3429;120;118;224;x;x
3430;0;154;182;x;x
3431;133;222;223;x;x
3432;100;84;59;x;x
3433;104;77;32;x;x
3434;218;63;80;x;x
3435;175;43;37;x;x
3436;163;121;0;x;x
3437;223;115;214;x;x
3438;130;216;82;x;x
3439;67;240;130;x;x
3440;83;65;96;x;x
3441;86;163;226;x;x
3442;28;231;169;x;x
3443;93;43;122;x;x
3444;224;183;244;x;x
3445;10;59;32;x;x
3446;159;254;92;x;x
3447;162;28;86;x;x
3448;89;31;117;x;x
3449;29;142;173;x;x
3450;92;93;98;x;x
3451;225;135;178;x;x
3452;107;53;72;x;x
3453;193;6;13;x;x
3454;235;7;35;x;x
3455;97;37;7;x;x
3456;49;164;106;x;x
3457;215;116;124;x;x
3458;131;173;144;x;x
3459;219;207;249;x;x
3460;6;234;197;x;x
3461;120;100;199;x;x
3462;190;88;245;x;x
3463;181;60;106;x;x
3464;13;18;242;x;x
3465;118;139;214;x;x
3466;2;43;71;x;x
3467;117;66;164;x;x
3468;47;158;131;x;x
3469;157;147;213;x;x
3470;222;254;214;x;x
3471;50;110;3;x;x
3472;111;31;255;x;x
3473;176;178;236;x;x
3474;147;112;158;x;x
3475;1;252;138;x;x
3476;35;99;137;x;x
3477;9;69;150;x;x
3478;146;120;96;x;x
3479;75;139;48;x;x
3480;117;184;141;x;x
3481;108;55;200;x;x
3482;86;251;145;x;x
3483;204;163;128;x;x
3484;199;73;98;x;x
3485;69;141;122;x;x
3486;171;12;125;x;x
3487;64;147;208;x;x
3488;61;7;244;x;x
3489;200;235;193;x;x
3490;102;113;203;x;x
3491;71;54;107;x;x
3492;13;216;157;x;x
3493;2;126;182;x;x
3494;194;4;50;x;x
3495;107;211;176;x;x
3496;149;7;152;x;x
3497;25;58;104;x;x
3498;191;36;50;x;x
3499;79;86;18;x;x
3500;194;196;103;x;x
3501;130;176;9;x;x
3502;161;167;223;x;x
3503;53;240;181;x;x
3504;211;1;60;x;x
3505;155;223;40;x;x
3506;161;187;26;x;x
3507;206;220;87;x;x
3508;241;226;10;x;x
3509;6;5;50;x;x
3510;55;82;6;x;x
3511;213;254;201;x;x
3512;136;194;103;x;x
3513;154;181;169;x;x
3514;190;156;98;x;x
3515;201;127;103;x;x
3516;121;22;66;x;x
3517;143;124;90;x;x
3518;88;27;214;x;x
3519;10;108;118;x;x
3520;225;53;164;x;x
3521;230;106;210;x;x
3522;219;114;213;x;x
3523;43;132;68;x;x
3524;239;22;95;x;x
3525;121;32;183;x;x
3526;65;115;112;x;x
3527;117;5;52;x;x
3528;92;211;222;x;x
3529;83;168;235;x;x
3530;29;57;127;x;x
3531;206;122;167;x;x
3532;215;78;187;x;x
3533;152;119;33;x;x
3534;162;59;68;x;x
3535;12;166;57;x;x
3536;153;187;128;x;x
3537;194;103;109;x;x
3538;177;204;30;x;x
3539;4;154;97;x;x
3540;25;162;216;x;x
3541;250;85;96;x;x
3542;235;225;149;x;x
3543;167;150;95;x;x
3544;106;196;144;x;x
3545;242;200;54;x;x
3546;69;54;124;x;x
3547;111;167;77;x;x
3548;81;41;226;x;x
3549;120;90;153;x;x
3550;141;39;64;x;x
3551;119;29;147;x;x
3552;159;9;76;x;x
3553;225;213;125;x;x
3554;23;86;113;x;x
3555;227;44;86;x;x
3556;212;237;18;x;x
3557;63;27;36;x;x
3558;154;162;177;x;x
3559;22;197;175;x;x
3560;124;78;72;x;x
3561;184;168;248;x;x
3562;159;150;125;x;x
3563;230;216;157;x;x
3564;49;92;208;x;x
3565;113;105;188;x;x
3566;223;129;128;x;x
3567;52;236;94;x;x
3568;217;31;199;x;x
3569;73;170;146;x;x
3570;85;146;235;x;x
3571;32;200;64;x;x
3572;219;105;159;x;x
3573;244;84;139;x;x
3574;157;88;2;x;x
3575;80;216;28;x;x
3576;215;96;243;x;x
3577;31;200;120;x;x
3578;84;240;76;x;x
3579;156;70;171;x;x
3580;239;89;61;x;x
3581;95;172;246;x;x
3582;32;234;179;x;x
3583;136;81;242;x;x
3584;7;163;69;x;x
3585;152;55;234;x;x
3586;239;63;114;x;x
3587;229;2;20;x;x
3588;223;177;50;x;x
3589;111;167;45;x;x
3590;140;169;30;x;x
3591;189;113;134;x;x
3592;166;182;60;x;x
3593;227;207;148;x;x
3594;129;157;10;x;x
3595;190;217;139;x;x
3596;152;90;29;x;x
3597;190;111;172;x;x
3598;56;32;226;x;x
3599;217;33;102;x;x
3600;59;161;32;x;x
3601;51;34;182;x;x
3602;222;0;11;x;x
3603;60;219;91;x;x
3604;101;163;234;x;x
3605;196;2;142;x;x
3606;64;97;141;x;x
3607;55;233;184;x;x
3608;71;139;176;x;x
3609;9;180;49;x;x
3610;27;220;205;x;x
3611;211;175;18;x;x
3612;146;175;125;x;x
3613;74;206;77;x;x
3614;208;181;137;x;x
3615;45;110;194;x;x
3616;107;229;127;x;x
3617;10;39;240;x;x
3618;134;235;54;x;x
3619;44;144;231;x;x
3620;89;63;134;x;x
3621;230;19;145;x;x
3622;193;187;114;x;x
3623;13;253;196;x;x
3624;144;85;95;x;x
3625;240;182;67;x;x
3626;6;19;240;x;x
3627;12;175;153;x;x
3628;156;229;171;x;x
3629;170;222;135;x;x
3630;103;172;253;x;x
3631;212;3;132;x;x
3632;155;190;119;x;x
3633;206;194;14;x;x
3634;123;215;70;x;x
3635;245;104;225;x;x
3636;139;37;134;x;x
3637;153;98;46;x;x
3638;195;8;58;x;x
3639;156;206;163;x;x
3640;99;136;6;x;x
3641;34;110;93;x;x
3642;67;181;230;x;x
3643;185;31;56;x;x
3644;178;21;122;x;x
3645;83;149;28;x;x
3646;25;111;105;x;x
3647;27;35;4;x;x
3648;129;162;182;x;x
3649;8;100;117;x;x
3650;31;146;202;x;x
3651;252;134;130;x;x
3652;196;195;247;x;x
3653;252;132;244;x;x
3654;51;16;204;x;x
3655;43;12;254;x;x
3656;152;171;55;x;x
3657;99;99;45;x;x
3658;148;181;175;x;x
3659;44;235;30;x;x
3660;66;85;49;x;x
3661;251;91;17;x;x
3662;153;96;225;x;x
3663;126;241;63;x;x
3664;87;48;207;x;x
3665;236;238;35;x;x
3666;15;201;144;x;x
3667;69;102;153;x;x
3668;11;54;85;x;x
3669;62;149;219;x;x
3670;181;83;187;x;x
3671;147;145;88;x;x
3672;215;134;192;x;x
3673;207;71;93;x;x
3674;230;188;17;x;x
3675;100;35;131;x;x
3676;223;207;197;x;x
3677;51;221;139;x;x
3678;162;70;243;x;x
3679;112;39;29;x;x
3680;154;69;248;x;x
3681;198;163;159;x;x
3682;149;87;194;x;x
3683;12;169;204;x;x
3684;20;120;110;x;x
3685;76;63;162;x;x
3686;13;165;49;x;x
3687;251;123;97;x;x
3688;222;172;254;x;x
3689;69;171;33;x;x
3690;174;63;12;x;x
3691;131;55;136;x;x
3692;179;18;222;x;x
3693;116;166;72;x;x
3694;219;158;124;x;x
3695;74;121;189;x;x
3696;66;246;255;x;x
3697;140;58;103;x;x
3698;151;40;9;x;x
3699;141;205;183;x;x
3700;238;188;171;x;x
3701;115;55;131;x;x
3702;66;169;205;x;x
3703;174;243;190;x;x
3704;105;90;126;x;x
3705;84;160;160;x;x
3706;97;31;237;x;x
3707;137;49;229;x;x
3708;71;104;156;x;x
3709;226;189;85;x;x
3710;149;254;35;x;x
3711;74;138;76;x;x
3712;112;196;66;x;x
3713;81;26;176;x;x
3714;200;121;3;x;x
3715;147;160;55;x;x
3716;77;131;152;x;x
3717;61;9;37;x;x
3718;6;248;69;x;x
3719;169;214;72;x;x
3720;164;222;70;x;x
3721;81;16;118;x;x
3722;239;4;202;x;x
3723;234;140;102;x;x
3724;105;60;4;x;x
3725;100;121;254;x;x
3726;167;217;53;x;x
3727;192;5;45;x;x
3728;31;139;253;x;x
3729;153;155;134;x;x
3730;94;104;82;x;x
3731;183;54;233;x;x
3732;240;212;128;x;x
3733;117;153;87;x;x
3734;55;104;83;x;x
3735;64;90;20;x;x
3736;164;73;37;x;x
3737;237;179;170;x;x
3738;206;60;99;x;x
3739;20;51;72;x;x
3740;216;27;61;x;x
3741;96;6;187;x;x
3742;171;21;251;x;x
3743;100;154;23;x;x
3744;245;192;91;x;x
3745;217;222;105;x;x
3746;75;184;172;x;x
3747;174;64;3;x;x
3748;214;175;56;x;x
3749;88;130;72;x;x
3750;252;138;233;x;x
3751;138;173;35;x;x
3752;96;63;253;x;x
3753;165;113;182;x;x
3754;88;99;174;x;x
3755;12;139;189;x;x
3756;241;251;13;x;x
3757;47;62;78;x;x
3758;237;154;210;x;x
3759;69;25;225;x;x
3760;106;26;126;x;x
3761;75;46;228;x;x
3762;92;245;56;x;x
3763;188;86;248;x;x
3764;213;136;53;x;x
3765;177;1;74;x;x
3766;86;249;165;x;x
3767;175;79;101;x;x
3768;35;154;160;x;x
3769;140;115;244;x;x
3770;13;240;255;x;x
3771;176;233;245;x;x
3772;248;74;207;x;x
3773;79;150;127;x;x
3774;150;50;103;x;x
3775;59;217;145;x;x
3776;12;10;108;x;x
3777;188;169;241;x;x
3778;238;151;246;x;x
3779;198;0;69;x;x
3780;192;176;138;x;x
3781;138;246;93;x;x
3782;154;11;137;x;x
3783;183;23;12;x;x
3784;109;33;110;x;x
3785;110;139;73;x;x
3786;219;174;128;x;x
3787;120;111;8;x;x
3788;12;70;89;x;x
3789;252;27;50;x;x
3790;212;229;53;x;x
3791;131;17;63;x;x
3792;61;62;99;x;x
3793;0;224;245;x;x
3794;218;10;243;x;x
3795;109;126;210;x;x
3796;104;130;218;x;x
3797;223;5;139;x;x
3798;147;223;109;x;x
3799;65;215;198;x;x
3800;179;106;175;x;x
3801;19;2;153;x;x
3802;166;41;233;x;x
3803;251;163;218;x;x
3804;83;128;132;x;x
3805;68;222;235;x;x
3806;70;210;156;x;x
3807;126;204;187;x;x
3808;199;144;176;x;x
3809;51;194;51;x;x
3810;96;112;164;x;x
3811;37;57;87;x;x
3812;249;28;103;x;x
3813;101;131;214;x;x
3814;192;211;253;x;x
3815;73;177;46;x;x
3816;61;121;65;x;x
3817;184;26;148;x;x
3818;105;224;219;x;x
3819;137;146;181;x;x
3820;218;199;202;x;x
3821;239;241;237;x;x
3822;127;37;129;x;x
3823;26;184;244;x;x
3824;62;112;188;x;x
3825;230;69;149;x;x
3826;196;105;39;x;x
3827;178;10;214;x;x
3828;58;139;104;x;x
3829;45;180;4;x;x
3830;214;23;151;x;x
3831;104;190;121;x;x
3832;254;160;147;x;x
3833;139;144;71;x;x
3834;117;177;59;x;x
3835;175;203;232;x;x
3836;244;201;187;x;x
3837;6;176;84;x;x
3838;26;169;240;x;x
3839;236;63;220;x;x
3840;214;28;166;x;x
3841;49;3;154;x;x
3842;146;50;41;x;x
3843;77;71;189;x;x
3844;224;153;189;x;x
3845;105;28;161;x;x
3846;112;84;221;x;x
3847;66;182;19;x;x
3848;224;216;37;x;x
3849;236;121;78;x;x
3850;142;197;47;x;x
3851;205;184;108;x;x
3852;142;24;240;x;x
3853;209;253;202;x;x
3854;40;83;148;x;x
3855;159;11;102;x;x
3856;169;67;159;x;x
3857;23;62;139;x;x
3858;103;147;187;x;x
3859;200;178;175;x;x
3860;193;207;218;x;x
3861;23;33;235;x;x
3862;233;159;95;x;x
3863;125;57;252;x;x
3864;34;226;67;x;x
3865;169;228;74;x;x
3866;42;242;185;x;x
3867;42;227;251;x;x
3868;21;178;141;x;x
3869;184;240;178;x;x
3870;232;179;60;x;x
3871;61;103;11;x;x
3872;125;0;62;x;x
3873;24;138;178;x;x
3874;169;218;84;x;x
3875;255;195;94;x;x
3876;11;227;145;x;x
3877;213;12;159;x;x
3878;47;233;188;x;x
3879;145;123;90;x;x
3880;231;232;165;x;x
3881;233;126;171;x;x
3882;254;29;61;x;x
3883;20;174;176;x;x
3884;65;245;101;x;x
3885;234;240;163;x;x
3886;51;191;180;x;x
3887;109;33;219;x;x
3888;102;200;207;x;x
3889;76;112;25;x;x
3890;208;239;69;x;x
3891;122;55;192;x;x
3892;15;97;210;x;x
3893;171;64;20;x;x
3894;94;124;149;x;x
3895;196;125;183;x;x
3896;145;35;64;x;x
3897;156;151;41;x;x
3898;111;174;232;x;x
3899;99;245;250;x;x
3900;209;75;65;x;x
3901;153;94;45;x;x
3902;122;139;131;x;x
3903;164;5;248;x;x
3904;148;71;169;x;x
3905;166;189;255;x;x
3906;235;228;239;x;x
3907;232;184;7;x;x
3908;71;255;247;x;x
3909;198;100;50;x;x
3910;170;244;229;x;x
3911;81;129;181;x;x
3912;65;67;14;x;x
3913;51;208;107;x;x
3914;221;68;138;x;x
3915;74;124;151;x;x
3916;203;70;194;x;x
3917;118;22;118;x;x
3918;62;202;229;x;x
3919;39;156;77;x;x
3920;188;129;203;x;x
3921;47;96;241;x;x
3922;59;233;215;x;x
3923;215;194;186;x;x
3924;224;160;186;x;x
3925;131;188;209;x;x
3926;237;72;143;x;x
3927;162;183;159;x;x
3928;125;95;179;x;x
3929;174;143;65;x;x
3930;37;119;153;x;x
3931;24;196;218;x;x
3932;216;182;31;x;x
3933;108;165;173;x;x
3934;214;244;71;x;x
3935;64;145;103;x;x
3936;236;83;103;x;x
3937;23;83;52;x;x
3938;35;37;155;x;x
3939;84;139;114;x;x
3940;141;7;34;x;x
3941;171;60;167;x;x
3942;84;181;187;x;x
3943;35;234;222;x;x
3944;160;48;1;x;x
3945;188;116;231;x;x
3946;180;198;46;x;x
3947;186;195;184;x;x
3948;246;124;4;x;x
3949;152;62;202;x;x
3950;107;83;191;x;x
3951;105;45;169;x;x
3952;28;194;61;x;x
3953;116;241;200;x;x
3954;104;26;210;x;x
3955;204;192;198;x;x
3956;41;74;189;x;x
3957;238;23;173;x;x
3958;102;170;61;x;x
3959;127;30;73;x;x
3960;8;54;82;x;x
3961;253;204;82;x;x
3962;40;129;235;x;x
3963;216;94;29;x;x
3964;218;149;150;x;x
3965;251;200;21;x;x
3966;230;119;101;x;x
3967;121;134;159;x;x
3968;182;194;197;x;x
3969;125;107;208;x;x
3970;129;15;46;x;x
3971;33;203;44;x;x
3972;87;94;105;x;x
3973;150;190;125;x;x
3974;206;253;122;x;x
3975;52;188;149;x;x
3976;212;122;127;x;x
3977;125;160;163;x;x
3978;223;164;43;x;x
3979;34;25;147;x;x
3980;229;138;27;x;x
3981;113;79;65;x;x
3982;140;190;45;x;x
3983;24;42;225;x;x
3984;87;206;193;x;x
3985;46;114;193;x;x
3986;110;105;47;x;x
3987;19;52;126;x;x
3988;221;225;97;x;x
3989;176;212;246;x;x
3990;190;110;106;x;x
3991;174;162;16;x;x
3992;213;171;138;x;x
3993;208;160;245;x;x
3994;156;13;62;x;x
3995;19;103;133;x;x
3996;23;133;28;x;x
3997;232;105;179;x;x
3998;164;140;166;x;x
3999;6;224;181;x;x
4000;17;185;110;x;x
4001;185;9;111;x;x
4002;65;87;228;x;x
4003;239;220;36;x;x
4004;2;96;35;x;x
4005;84;40;207;x;x
4006;92;253;251;x;x
4007;57;253;169;x;x
4008;93;147;43;x;x
4009;41;82;190;x;x
4010;93;168;137;x;x
4011;197;69;196;x;x
4012;185;145;223;x;x
4013;221;243;243;x;x
4014;11;212;11;x;x
4015;162;21;211;x;x
4016;112;199;0;x;x
4017;95;24;123;x;x
4018;143;52;252;x;x
4019;77;47;62;x;x
4020;202;98;155;x;x
4021;74;233;127;x;x
4022;193;247;142;x;x
4023;50;234;59;x;x
4024;125;83;62;x;x
4025;229;175;7;x;x
4026;91;151;39;x;x
4027;165;203;153;x;x
4028;228;89;248;x;x
4029;106;74;95;x;x
4030;47;194;172;x;x
4031;23;1;223;x;x
4032;240;222;194;x;x
4033;142;133;83;x;x
4034;197;98;179;x;x
4035;220;146;42;x;x
4036;47;154;90;x;x
4037;164;86;205;x;x
4038;153;216;62;x;x
4039;128;205;195;x;x
4040;206;5;161;x;x
4041;87;41;184;x;x
4042;6;218;96;x;x
4043;97;161;244;x;x
4044;167;233;143;x;x
4045;100;25;209;x;x
4046;34;10;125;x;x
4047;6;163;209;x;x
4048;132;58;123;x;x
4049;0;220;16;x;x
4050;96;91;33;x;x
4051;124;206;252;x;x
4052;6;65;154;x;x
4053;7;69;87;x;x
4054;232;183;128;x;x
4055;103;221;23;x;x
4056;51;104;113;x;x
4057;118;60;197;x;x
4058;124;98;117;x;x
4059;139;26;23;x;x
4060;183;225;70;x;x
4061;83;146;198;x;x
4062;137;213;214;x;x
4063;223;77;99;x;x
4064;201;154;40;x;x
4065;201;64;11;x;x
4066;23;162;230;x;x
4067;32;90;219;x;x
4068;21;178;30;x;x
4069;239;124;78;x;x
4070;149;111;195;x;x
4071;114;219;166;x;x
4072;118;80;160;x;x
4073;146;120;8;x;x
4074;122;47;11;x;x
4075;131;99;22;x;x
4076;206;22;252;x;x
4077;200;208;116;x;x
4078;237;77;192;x;x
4079;40;67;13;x;x
4080;95;153;20;x;x
4081;167;65;199;x;x
4082;91;91;45;x;x
4083;241;172;118;x;x
4084;102;103;34;x;x
4085;29;152;144;x;x
4086;55;148;8;x;x
4087;224;200;178;x;x
4088;113;155;112;x;x
4089;146;146;46;x;x
4090;161;5;249;x;x
4091;223;244;137;x;x
4092;84;171;236;x;x
4093;206;137;253;x;x
4094;210;9;110;x;x
4095;200;69;182;x;x
4096;167;11;24;x;x
4097;85;148;31;4097;x
4098;35;150;73;4098;x
4099;122;87;59;4099;x
4100;250;85;5;4100;x
4101;152;244;254;4101;x
4102;74;236;182;4102;x
4103;26;155;7;4103;x
4104;42;15;235;4104;x
4105;80;228;121;4105;x
4106;151;48;191;4106;x
4107;1;172;109;4107;x
4108;226;165;197;4108;x
4109;21;228;74;4109;x
4110;84;26;6;4110;x
4111;29;104;130;4111;x
4112;43;166;192;4112;x
4113;55;114;176;4113;x
4114;161;191;98;4114;x
4115;97;136;228;4115;x
4116;228;76;76;4116;x
4117;17;29;63;4117;x
4118;234;220;105;4118;x
4119;122;15;173;4119;x
4120;41;146;24;4120;x
4121;1;127;239;4121;x
4122;7;12;51;4122;x
4123;12;186;144;4123;x
4124;39;19;166;4124;x
4125;243;118;149;4125;x
4126;41;66;235;4126;x
4127;119;154;222;4127;x
4128;38;57;90;4128;x
4129;153;9;29;4129;x
4130;8;79;6;4130;x
4131;161;254;125;4131;x
4132;217;162;137;4132;x
4133;149;46;158;4133;x
4134;71;124;220;4134;x
4135;240;99;178;4135;x
4136;4;78;137;4136;x
4137;1;176;197;4137;x
4138;4;43;23;4138;x
4139;23;54;77;4139;x
4140;101;75;201;4140;x
4141;4;226;207;4141;x
4142;117;110;55;4142;x
4143;81;137;213;4143;x
4144;180;102;84;4144;x
4145;152;80;50;4145;x
4146;113;8;187;4146;x
4147;119;26;54;4147;x
4148;212;206;216;4148;x
4149;185;243;151;4149;x
4150;92;139;98;4150;x
4151;67;24;215;4151;x
4152;27;104;200;4152;x
4153;42;72;71;4153;x
4154;196;90;69;4154;x
4155;166;159;178;4155;x
4156;89;28;222;4156;x
4157;4;69;183;4157;x
4158;101;103;177;4158;x
4159;99;157;140;4159;x
4160;145;130;86;4160;x
4161;17;150;26;4161;x
4162;214;67;76;4162;x
4163;224;157;195;4163;x
4164;167;155;234;4164;x
4165;94;213;124;4165;x
4166;206;126;49;4166;x
4167;139;133;120;4167;x
4168;205;239;79;4168;x
4169;255;191;183;4169;x
4170;255;67;50;4170;x
4171;255;157;91;4171;x
4172;255;233;112;4172;x
4173;255;127;53;4173;x
4174;255;95;2;4174;x
4175;255;182;155;4175;x
4176;255;178;181;4176;x
4177;255;112;140;4177;x
4178;217;130;255;4178;x
4179;155;109;255;4179;x
4180;155;73;255;4180;x
4181;215;163;255;4181;x
4182;207;104;255;4182;x
4183;79;76;255;4183;x
4184;126;107;255;4184;x
4185;71;141;255;4185;x
4186;114;86;255;4186;x
4187;178;209;255;4187;x
4188;96;61;255;4188;x
4189;129;94;255;4189;x
4190;83;40;255;4190;x
4191;142;43;255;4191;x
4192;184;181;255;4192;x
4193;45;87;255;4193;x
4194;127;199;255;4194;x
4195;234;103;91;4195;x
4196;234;81;35;4196;x
4197;216;225;255;4197;x
4198;148;14;50;4198;x
4199;55;247;195;4199;x
4200;189;250;78;4200;x
4201;182;255;160;4201;x
4202;180;255;114;4202;x
4203;163;242;245;4203;x
4204;96;255;102;4204;x
4205;79;255;56;4205;x
4206;0;12;255;4206;x
4207;153;255;124;4207;x
4208;255;63;86;4208;x
4209;255;153;195;4209;x
4210;117;172;255;4210;x
4211;255;205;99;4211;x
4212;203;255;170;4212;x
4213;255;252;109;4213;x
4214;250;255;244;4214;x
4215;252;255;206;4215;x
4216;230;255;140;4216;x
4217;255;207;165;4217;x
4218;255;189;109;4218;x
4219;255;124;150;4219;x
4220;131;109;255;4220;x
4221;137;255;168;4221;x
4222;255;104;73;4222;x
4223;183;255;184;4223;x
4224;109;255;189;4224;x
4225;45;255;150;4225;x
4226;198;217;255;4226;x
4227;255;197;173;4227;x
4228;255;175;48;4228;x
4229;255;99;140;4229;x
4230;255;110;91;4230;x
4231;255;96;191;4231;x
4232;180;255;145;4232;x
4233;249;235;47;4233;x
4234;62;38;87;4234;x
4235;44;142;211;4235;x
4236;46;73;112;4236;x
4237;184;234;128;4237;x
4238;215;240;252;4238;x
4239;29;233;25;4239;x
4240;230;124;197;4240;x
4241;177;113;170;4241;x
4242;248;96;23;4242;x
4243;154;139;60;4243;x
4244;211;52;25;4244;x
4245;46;95;11;4245;x
4246;39;194;176;4246;x
4247;11;0;92;4247;x
4248;180;144;130;4248;x
4249;27;251;141;4249;x
4250;210;47;51;4250;x
4251;236;65;86;4251;x
4252;51;180;66;4252;x
4253;88;42;144;4253;x
4254;221;246;82;4254;x
4255;81;3;220;4255;x
4256;145;92;193;4256;x
4257;2;224;126;4257;x
4258;101;78;172;4258;x
4259;32;183;80;4259;x
4260;97;168;55;4260;x
4261;139;35;60;4261;x
4262;45;40;17;4262;x
4263;217;199;102;4263;x
4264;133;84;192;4264;x
4265;123;125;116;4264;x
4266;23;129;166;4266;x
4267;165;177;141;4267;x
4268;80;240;2;4268;x
4269;50;242;29;4269;x
4270;161;245;57;4270;x
4271;174;203;184;4271;x
4272;86;95;160;4272;x
4273;135;241;251;4273;x
4274;17;96;30;4274;x
4275;36;67;157;4275;x
4276;77;158;243;4276;x
4277;252;238;18;4277;x
4278;238;88;211;4278;x
4279;180;9;33;4279;x
4280;226;124;134;4280;x
4281;92;148;99;4281;x
4282;108;130;161;4282;x
4283;109;68;150;4283;x
4284;245;236;122;4284;x
4285;139;180;196;4285;x
4286;59;72;181;4286;x
4287;214;55;210;4287;x
4288;64;158;177;4288;x
4289;223;160;174;4289;x
4290;89;157;11;4290;x
4291;94;237;67;4291;x
4292;13;165;24;4292;x
4293;108;110;203;4293;x
4294;143;159;171;4294;x
4295;25;172;39;4295;x
4296;9;241;164;4296;x
4297;102;145;2;4297;x
4298;157;101;202;4298;x
4299;74;69;141;4299;x
4300;90;152;140;4300;x
4301;30;91;232;4301;x
4302;142;243;150;4302;x
4303;105;122;100;4303;x
4304;203;139;45;4304;x
4305;79;125;48;4305;x
4306;129;96;44;4306;x
4307;170;20;202;4307;x
4308;114;109;29;4308;x
4309;238;72;236;4309;x
4310;25;195;146;4310;x
4311;46;10;188;4311;x
4312;177;121;235;4312;x
4313;22;133;219;4313;x
4314;198;108;172;4314;x
4315;214;217;8;4315;x
4316;1;176;121;4316;x
4317;196;41;173;4317;x
4318;126;27;166;4318;x
4319;94;172;108;4319;x
4320;199;222;167;4320;x
4321;64;54;189;4321;x
4322;106;191;42;4322;x
4323;1;119;191;4323;x
4324;100;23;178;4324;x
4325;237;4;117;4325;x
4326;111;144;172;4326;x
4327;21;124;181;4327;x
4328;71;42;24;4328;x
4329;223;148;229;4329;x
4330;93;194;44;4330;x
4331;201;121;134;4331;x
4332;149;71;197;4332;x
4333;185;44;173;4333;x
4334;13;149;146;4334;x
4335;71;110;247;4335;x
4336;85;242;1;4336;x
4337;45;65;103;4337;x
4338;46;102;203;4338;x
4339;147;242;234;4339;x
4340;223;35;64;4340;x
4341;86;210;122;4341;x
4342;19;32;96;4342;x
4343;229;152;31;4343;x
4344;93;6;87;4344;x
4345;28;88;2;4345;x
4346;221;141;22;4346;x
4347;105;114;237;4347;x
4348;155;254;182;4348;x
4349;2;74;23;4349;x
4350;41;130;25;4350;x
4351;82;190;11;4341;x
4352;61;169;96;4352;x
4353;158;198;117;4353;x
4354;240;60;161;4354;x
4355;54;137;181;4355;x
4356;155;25;150;4356;x
4357;5;38;18;4357;x
4358;54;181;192;4358;x
4359;163;39;120;4359;x
4360;39;27;13;4360;x
4361;77;195;253;4361;x
4362;112;125;174;4362;x
4363;175;98;88;4363;x
4364;9;63;7;4364;x
4365;155;161;249;4365;x
4366;231;35;204;4366;x
4367;23;104;39;4367;x
4368;186;0;217;4368;x
4369;92;182;10;4369;x
4370;39;69;166;4370;x
4371;221;185;95;4371;x
4372;213;14;104;4372;x
4373;53;17;80;4373;x
4374;238;162;41;4374;x
4375;75;124;71;4375;x
4376;140;183;79;4376;x
4377;49;36;49;4377;x
4378;203;26;76;4378;x
4379;40;130;171;4379;x
4380;228;218;81;4380;x
4381;138;117;128;4381;x
4382;253;114;219;4382;x
4383;233;170;250;4383;x
4384;60;134;105;4384;x
4385;45;177;194;4385;x
4386;126;193;184;4386;x
4387;153;131;150;4387;x
4388;224;62;59;4388;x
4389;188;42;25;4389;x
4390;191;205;101;4390;x
4391;65;203;161;4391;x
4392;80;237;72;4392;x
4393;15;182;125;4393;x
4394;132;150;83;4394;x
4395;154;175;100;4395;x
4396;126;53;67;4396;x
4397;64;84;156;4397;x
4398;136;154;37;4398;x
4399;250;204;57;4399;x
4400;233;19;2;4400;x
4401;209;189;12;4401;x
4402;104;76;196;4402;x
4403;75;135;98;4403;x
4404;88;219;105;4404;x
4405;17;239;45;4405;x
4406;116;66;78;4406;x
4407;151;80;79;4407;x
4408;177;14;164;4408;x
4409;94;167;34;4409;x
4410;31;235;184;4410;x
4411;214;111;236;4411;x
4412;208;213;48;4412;x
4413;32;171;209;4413;x
4414;109;223;72;4414;x
4415;93;178;145;4415;x
4416;243;127;91;4416;x
4417;41;214;47;4417;x
4418;64;81;252;4418;x
4419;208;1;58;4419;x
4420;124;107;234;4420;x
4421;186;106;175;4421;x
4422;100;220;46;4422;x
4423;184;140;159;4423;x
4424;184;79;50;4424;x
4425;109;185;75;4425;x
4426;125;51;199;4426;x
4427;220;157;75;4427;x
4428;44;87;133;4428;x
4429;225;18;13;4429;x
4430;233;241;88;4430;x
4431;188;161;226;4431;x
4432;45;181;15;4432;x
4433;201;130;101;4433;x
4434;101;140;170;4434;x
4435;217;195;83;4435;x
4436;107;150;20;4436;x
4437;240;108;48;4437;x
4438;152;84;179;4438;x
4439;51;16;172;4439;x
4440;149;190;163;4440;x
4441;215;6;241;4441;x
4442;106;55;2;4442;x
4443;15;170;235;4443;x
4444;62;62;148;4444;x
4445;99;138;242;4445;x
4446;243;200;142;4446;x
4447;189;133;71;4447;x
4448;72;78;192;4448;x
4449;33;184;90;4449;x
4450;68;49;65;4450;x
4451;166;223;19;4451;x
4452;121;42;44;4452;x
4453;155;110;241;4453;x
4454;78;30;57;4454;x
4455;71;97;153;4455;x
4456;231;94;66;4456;x
4457;99;55;121;4457;x
4458;138;247;71;4458;x
4459;219;1;21;4459;x
4460;26;62;58;4460;x
4461;48;189;152;4461;x
4462;215;197;189;4462;x
4463;118;156;213;4463;x
4464;178;71;155;4464;x
4465;206;253;117;4465;x
4466;232;134;166;4466;x
4467;40;46;240;4467;x
4468;203;134;241;4468;x
4469;37;20;175;4469;x
4470;47;10;58;4470;x
4471;240;112;29;4471;x
4472;25;6;212;4472;x
4473;219;121;238;4473;x
4474;103;36;70;4474;x
4475;83;198;109;4475;x
4476;244;44;96;4476;x
4477;65;50;139;4477;x
4478;73;160;191;4478;x
4479;252;172;135;4479;x
4480;215;244;46;4480;x
4481;10;39;169;4481;x
4482;38;202;233;4482;x
4483;234;168;95;4483;x
4484;181;168;163;4484;x
4485;219;232;189;4485;x
4486;39;65;222;4486;x
4487;72;61;57;4487;x
4488;191;130;5;4488;x
4489;83;252;175;4489;x
4490;62;130;225;4490;x
4491;5;209;10;4491;x
4492;83;122;219;4492;x
4493;95;26;146;4493;x
4494;205;212;216;4494;x
4495;250;42;207;4495;x
4496;167;24;120;4496;x
4497;254;48;46;4497;x
4498;204;39;188;4498;x
4499;201;96;108;4499;x
4500;238;133;39;4500;x
4501;199;158;199;4501;x
4502;35;147;193;4502;x
4503;4;58;211;4503;x
4504;4;80;197;4504;x
4505;4;92;133;4505;x
4506;4;220;192;4506;x
4507;4;211;222;4507;x
4508;4;42;113;4508;x
4509;4;52;143;4509;x
4510;4;47;8;4510;x
4511;4;180;221;4511;x
4512;4;95;186;4512;x
4513;4;72;162;4513;x
4514;4;175;205;4514;x
4515;4;23;49;4515;x
4516;111;219;238;4516;x
4517;166;0;18;4517;x
4518;176;91;151;4518;x
4519;16;70;220;4519;x
4520;244;54;115;4520;x
4521;47;144;0;4521;x
4522;54;117;117;4522;x
4523;91;138;223;4523;x
4524;192;21;113;4524;x
4525;158;244;154;4525;x
4526;18;210;224;4526;x
4527;213;58;145;4527;x
4528;48;164;218;4528;x
4529;104;226;68;4529;x
4530;56;203;251;4530;x
4531;78;10;205;4531;x
4532;84;223;155;4532;x
4533;79;49;216;4533;x
4534;114;243;78;4534;x
4535;220;23;54;4535;x
4536;248;246;62;4536;x
4537;243;243;117;4537;x
4538;29;127;2;4538;x
4539;62;127;85;4359;x
4540;250;36;85;4540;x
4541;201;90;74;4541;x
4542;110;144;109;4542;x
4543;161;48;22;4543;x
4544;237;218;208;4544;x
4545;107;237;13;4545;x
4546;115;107;145;4546;x
4547;211;50;242;4547;x
4548;22;199;217;4548;x
4549;57;241;207;4549;x
4550;108;193;105;4550;x
4551;155;238;240;4551;x
4552;46;90;70;4552;x
4553;115;85;143;4553;x
4554;131;175;142;4554;x
4555;236;174;143;4555;x
4556;57;183;74;4556;x
4557;96;191;139;4557;x
4558;190;56;214;4558;x
4559;93;78;147;4559;x
4560;79;156;43;4560;x
4561;34;127;175;4561;x
4562;180;121;234;4562;x
4563;239;31;216;4563;x
4564;148;22;224;4564;x
4565;104;88;209;4565;x
4566;222;28;146;4566;x
4567;127;12;30;4567;x
4568;227;18;5;4568;x
4569;161;152;211;4569;x
4570;145;11;181;4570;x
4571;57;177;120;4571;x
4572;22;28;69;4572;x
4573;142;233;229;4573;x
4574;194;192;198;4574;x
4575;137;118;139;4575;x
4576;205;117;28;4576;x
4577;140;54;228;4577;x
4578;211;96;8;4578;x
4579;84;223;46;4579;x
4580;150;45;69;4580;x
4581;190;202;86;4581;x
4582;216;39;254;4582;x
4583;224;82;76;4583;x
4584;110;189;56;4584;x
4585;25;222;193;4585;x
4586;130;169;140;4586;x
4587;212;75;247;4587;x
4588;167;220;211;4588;x
4589;59;86;251;4589;x
4590;137;86;34;4590;x
4591;178;86;33;4591;x
4592;208;230;210;4592;x
4593;247;150;203;4593;x
4594;38;142;51;4594;x
4595;116;44;58;4595;x
4596;154;18;169;4596;x
4597;158;174;57;4597;x
4598;199;183;184;4598;x
4599;251;84;245;4599;x
4600;187;208;87;4600;x
4601;175;68;187;4601;x
4602;33;2;122;4602;x
4603;179;189;139;4603;x
4604;210;31;187;4604;x
4605;116;225;199;4605;x
4606;228;103;45;4606;x
4607;243;20;44;4607;x
4608;39;163;94;4608;x
4609;221;179;10;4609;x
4610;133;167;98;4610;x
4611;225;93;182;4611;x
4612;252;197;132;4612;x
4613;99;123;239;4613;x
4614;6;14;0;4614;x
4615;28;50;85;4615;x
4616;163;180;67;4616;x
4617;33;8;218;4617;x
4618;128;216;139;4618;x
4619;189;143;226;4619;x
4620;99;149;98;4620;x
4621;67;209;102;4621;x
4622;206;107;104;4622;x
4623;237;97;204;4623;x
4624;88;168;72;4624;x
4625;172;94;176;4625;x
4626;183;149;104;4626;x
4627;237;232;131;4627;x
4628;166;154;192;4628;x
4629;248;212;131;4629;x
4630;198;31;69;4630;x
4631;48;13;27;4631;x
4632;160;247;129;4632;x
4633;17;209;3;4633;x
4634;48;102;218;4634;x
4635;87;25;23;4635;x
4636;118;21;153;4636;x
4637;51;210;248;4637;x
4638;31;153;51;4638;x
4639;184;168;172;4639;x
4640;43;146;149;4640;x
4641;95;2;190;4641;x
4642;92;195;121;4642;x
4643;101;66;203;4643;x
4644;222;136;14;4644;x
4645;56;39;163;4645;x
4646;240;84;12;4646;x
4647;154;231;194;4647;x
4648;101;124;229;4648;x
4649;25;35;119;4649;x
4650;66;221;124;4650;x
4651;154;28;235;4651;x
4652;223;104;110;4652;x
4653;22;2;18;4653;x
4654;57;21;224;4654;x
